1.10016029070384,-1.07633899891846,-8.79601055554957,-16.4374620945921,-14.2013698354974,-13.6019096713801,-12.187159585235,-14.3478867356065,-12.3023178390978,-10.6538470511646,-12.6341061665778,-15.4808014623195,-13.0060500659801,-10.7315583566931,-11.2025207633513,-11.3287378231999,-8.42248521299027,-7.34121122353614,-8.09959419068559,-6.28232515431547,-3.83682556279433,-3.67160492031752,-1.75420354558395,3.80569484310152,7.87599250688438,9.99390592089469,10.4242129008263,9.23041767503312,6.20073637555581,0.659369564232131,-6.88833501954747,-5.17873811001504,-4.23902503249595,-6.71800295856882,-11.0850254365975,-10.6646749545025,-8.97899091581917,-9.65447447057812,-12.4483747405255,-15.4284138799254,-14.9311802036019,-13.8493175661662,-14.1882747596975,-15.807988251332,-17.9107945336291,-19.0340118077533,-18.859552687612,-18.5115445270841,-18.4331275298924,-18.4004680678723,-18.2261465495877,-18.1939827996152,-18.8754130635496,-21.119639034112,-24.9500832424745,-32.2834807491549,-31.9631999642156,-27.5766525631078,-25.3718183610292,-24.0198880109071,-24.4138752196565,-29.2283209412059,-37.5759198932086,-24.1530445920756,-20.9686956120509,-22.4775540185917,-23.9578627471082,-16.8156221643558,-13.2964303432652,-13.7237123306654,-18.9814874657778,-18.3954960126032,-14.0140483530763,-16.0604654674634,-20.9043979701574,-15.5562626389334,-17.5198522655131,-16.5688089442035,-12.6246799555674,-18.0129711224325,-12.9298320954204,-9.74024338007044,-16.1060473322011,-8.21199581818838,-8.18030176415794,-10.6369019073955,-2.07301660417429,-7.34117097423371,2.23683790820249,10.2130108328089,12.2990609575031,10.2061217856332,2.2361990449042,-7.61537649295006,-2.26306827442272,-11.2393803936951,-8.23241027369897,-8.27217675773002,-17.0293968370383,-10.2135169179537,-13.7539010638593,-18.113187914844,-12.5781490566593,-16.6246746552356,-16.8212899015332,-14.9133437540074,-19.7670207880706,-16.6603877805636,-14.8960453288436,-19.0839263347129,-16.4629266131842,-12.4085555804253,-12.6627615324537,-17.115429324941,-27.5899445764903,-21.5817107528569,-19.9354192488722,-23.61507447694,-40.7172752557256,-27.9905589129249,-24.1470431672228,-24.236938098278,-25.639636883354,-27.5721131631987,-30.5630089412171,-29.1041337089636,-23.7522604608919,-20.533403543061,-19.0257815262113,-18.5388784802288,-18.5515998139466,-18.5686960837076,-18.4019668704857,-18.3076866317367,-18.5277463474029,-18.6032484226342,-17.4045824309488,-15.3421749608019,-13.8681102014839,-13.7086645735526,-15.0618956067299,-15.4801034920047,-12.366187773604,-9.67816245878454,-9.23944617513404,-11.2353938673779,-11.5390355089662,-6.80392920953687,-4.34675769036437,-5.38540963551314,-7.27449469948852,0.506636749679992,6.09873464490024,9.14935942917985,10.3624459220835,9.95145034052265,7.84490882328951,3.74269115813573,-2.04983457815492,-4.09986502617524,-4.07259505320155,-6.41484223642332,-8.23164184993319,-7.4941896894847,-8.55381341400836,-11.2462118776976,-10.9653701135239,-10.6951701809348,-13.2366949708094,-15.7192473888432,-12.557059000501,-10.5582781623443,-12.3184463527226,-14.4720808007327,-12.0943906508479,-13.624159949061,-14.2249071944821,-16.4235119363613,-8.76148774840359,-1.03329211277606,1.10016029070384
-3.68038807019191,-15.306755350429,-19.7860129219319,-18.2300173719525,-30.0575162108327,-25.7859447786855,-21.3108542944501,-26.6350618806704,-22.9714411690147,-23.3345913150048,-21.4972930264364,-23.6979657273221,-21.9738694394976,-20.5428387240447,-19.413223874945,-18.0211525489275,-18.9017234230131,-16.0886103243043,-16.7308860140089,-12.4885955089856,-12.5636214169824,-8.31545717609929,-3.37842640513707,4.55681441653799,4.6311939716064,-4.05348733825968,-9.32719265007178,-13.1273121883091,-13.6823584817225,-18.0275582834457,-16.4899689474979,-20.5231230557179,-19.3289290811545,-22.6395807352911,-21.6896835487629,-23.6250692085308,-22.6749523050915,-25.4161194990428,-25.3284969402984,-23.6440427788446,-27.5901448457363,-26.8101875273613,-28.1414623694738,-28.2304435384182,-27.8006727688193,-31.4572411292746,-33.5470631063474,-31.0838184921111,-30.4192684825301,-36.1118566191331,-38.591551624868,-40.74983676501,-36.2850204293835,-46.1271839051324,-43.0951213159058,-45.5413822217088,-35.1265933705364,-39.6665909477553,-36.183439897237,-37.6278188109175,-37.9165162356819,-53.0518115351863,-33.2253056534271,-34.3685844505066,-29.2664482042537,-37.849886952004,-27.8759890571095,-25.2729763508995,-18.4613409776365,-20.7730322217438,-24.825760664698,-22.6291466941065,-25.968790680157,-23.1624407195154,-29.3248521316942,-25.7778582890143,-24.0734454649946,-31.420241941385,-25.0962328551511,-25.1363088421141,-26.478167375416,-33.3337836792602,-24.9585462934449,-23.3086500346001,-22.4837777592893,-31.6466579580897,-24.7184657398087,-16.6396598040206,-12.5713249297574,-10.2463429558537,1.66244189734352,-10.3701229348576,-12.3160441331294,-16.6754948704581,-24.4897111721795,-28.3676252104564,-22.7353607898113,-23.6992901630257,-26.2883708738204,-30.1506069267949,-28.6431990537077,-24.4977689218733,-30.8097980200298,-29.8735129037556,-27.9727725782308,-26.7249886516954,-30.6677489369343,-20.4064954880709,-26.3882010183043,-23.4207540219469,-23.1050598589467,-20.4344987459143,-16.1546265977198,-24.0353028213903,-26.7239172781851,-33.6810553450082,-28.954615670323,-35.4510999181839,-32.2037974473819,-36.6129532667296,-36.6310953075409,-35.9940088169694,-44.1227291421784,-39.22614861808,-47.4590887664171,-40.2731606347502,-47.2539164224851,-37.9071954087823,-37.4122072322683,-34.7522512729482,-33.2894958197059,-36.5858134407198,-35.0328377472676,-33.8728952116801,-33.2661820844528,-28.8596736790698,-27.240995272402,-29.3465752701228,-26.4104517166662,-25.8688529819142,-27.9499444753609,-22.9803064816861,-25.5174250430039,-24.8135926357039,-22.6928465172263,-22.3647577839477,-20.0930141323626,-21.5936541330777,-17.9604218177543,-19.6824645822172,-15.5904451196845,-16.8400537230876,-12.9548843028837,-12.0471343349326,-8.3139205007971,-3.74584037296566,4.93934627021483,4.94722379805644,-2.62997184676663,-8.03019782147166,-12.5020133122268,-12.9356810865391,-16.8974598904626,-16.3774505819726,-19.1789750402341,-18.7603430591685,-19.7100661914993,-21.3001471058643,-21.4119360278842,-24.1449163613169,-20.7454244137309,-24.3853329615265,-22.416281774568,-26.3424618777685,-20.6740701031994,-25.3201357865358,-28.4483889834027,-18.0447375386197,-20.0052696132539,-15.0386742332231,-3.68038807019191
-6.65916540504235,-20.9467310919108,-24.7240254254688,-25.3140829125184,-25.2710569253653,-33.412346807295,-29.8772091112321,-31.4993691483851,-32.2920624497833,-41.3444825573614,-29.6094663428983,-28.1183159320331,-30.904933633985,-30.3835210114027,-26.0474807724234,-24.6967699559472,-23.4579271084272,-23.5705255272982,-22.6482306690917,-19.360844805967,-16.7930285964063,-13.4937173859091,-6.06271505547855,1.64759981077967,-10.1134459579363,-12.7729563468481,-16.022809977417,-20.2048632803881,-23.5937833350455,-23.4658783693777,-23.0428966247051,-23.5138096902612,-25.5671092666295,-26.7269948597463,-25.067963846245,-27.9009107320968,-32.247898865349,-29.2924692286909,-29.2397642248213,-37.7263640825728,-30.1388376251566,-33.1989515681455,-31.5031925499527,-37.0233652611501,-31.2349576663248,-42.5490816071032,-32.255572201972,-35.1290172708937,-40.0855778461521,-42.1980645375073,-45.7860138719799,-44.426428983243,-41.2446119235154,-46.9465582247422,-54.5616186082925,-67.1293573968205,-55.9066701349677,-37.6082460990639,-37.8427742751147,-48.2516323958089,-39.3005260044622,-38.0338754383109,-38.1792105440327,-36.2712009959516,-35.1524137447922,-37.9853740749042,-30.0088144082286,-27.8345855183443,-24.281239972979,-25.237653821593,-25.0337632449495,-31.6493712260393,-24.0317232443283,-28.5230194753329,-32.7241720143148,-28.8427190034119,-28.1996360147566,-34.2897244857337,-33.8936955546808,-30.8465083688466,-30.2091136643918,-36.0743533953495,-38.4517878819166,-40.635362722344,-35.0955200850735,-30.0666931827411,-25.536923868542,-22.8351545305133,-21.3455043884686,-19.4912733723317,-2.93105503021757,-19.9251427254538,-21.8183581544595,-23.5022693012698,-26.848764716583,-30.9259406224652,-35.3460541272066,-38.0452663346764,-38.2988274863899,-36.2400618373587,-31.1806054481219,-33.0091779668938,-41.6512911932493,-32.5391833400503,-32.7478202441441,-35.0332968055349,-36.8335622951997,-30.2479653572324,-22.9779202580868,-29.0100097640586,-23.7411149037486,-27.6451741980488,-20.5309506162696,-27.4141108964701,-36.7297463860432,-35.5158055155662,-34.0973190120245,-39.3726362147127,-47.0789761943631,-35.0053860840737,-39.2651095627023,-48.6674997463002,-45.7679079161803,-42.4427826865824,-39.8255114774267,-39.4350150219189,-38.9709544324493,-37.3126404989965,-41.9420447219313,-48.0507869065671,-40.2312731330948,-41.9415213720789,-45.4994275055321,-47.173320831332,-35.8168719435227,-38.1789379274223,-35.2285041426315,-35.0806743275274,-31.4968328909038,-31.9393923238437,-33.6964064842444,-30.4912061394831,-32.4088573145646,-27.1998643042771,-30.497003336523,-27.293914863773,-26.480658078825,-26.6979131999617,-30.7435234464714,-24.3571199435339,-22.2392744506267,-22.0897685800263,-24.3214387563791,-21.5790319451116,-16.6107596324017,-12.3739032477768,-9.02079079120593,1.81063015805874,-6.05478552367046,-13.3877532826304,-16.7896177417617,-22.3456353363196,-25.5213864944266,-26.4659489686544,-25.154467589986,-25.5994129548077,-26.8285814403913,-31.7785263337923,-30.4821307863331,-26.5229780792806,-29.6312190601888,-39.3791649736175,-29.0592289209794,-29.6683456927318,-32.3115016024062,-41.5565580275136,-26.6932359908822,-28.4383550043564,-23.8447543785372,-22.1660410391415,-6.65916540504235
-8.52771700734098,-24.0569278553186,-37.4219876979978,-26.1586599864716,-33.6330472498223,-28.8323391662215,-34.8950693057833,-36.5079672206466,-33.3950089218572,-37.8824851497153,-35.3853051209194,-34.6456174343222,-41.3725052864048,-35.4413739275582,-30.2179913934043,-27.3318733293062,-26.6374280608585,-24.4235102627664,-26.5833546374611,-23.8880864093988,-26.8402971449114,-26.2972390602856,-7.34646589976786,-1.86058317131753,-14.1816152578005,-17.2435583797054,-19.7669573871284,-21.768393341645,-23.973713505856,-26.1397110784499,-28.2228241827016,-30.0685142174659,-32.4602984835647,-31.497954861236,-31.2408182764152,-30.5925826137964,-32.1166639610754,-33.3559186070615,-34.2556177098133,-33.9897118002075,-36.8643735021626,-31.2837076097239,-40.3925067350198,-33.6099660638026,-42.8301984707945,-35.9361699882241,-42.6358700493832,-45.2701013439635,-41.5446641261332,-39.060044272136,-43.7648444203201,-55.0195993940821,-39.6606480424518,-44.5845503873419,-55.618326000213,-44.9552683128053,-56.5993614009646,-37.8122468554434,-40.5548158166772,-50.3344689029058,-37.6244850026686,-36.2295937039039,-39.096128035084,-34.0232449911543,-43.6628168318019,-40.8704067542105,-35.7509006304004,-37.6825212458015,-25.7833644954938,-28.8197053951557,-21.6017226485088,-25.2765041002838,-30.771899165349,-34.2814371728378,-39.1170980419798,-38.6220533866926,-38.1852191967809,-37.8183534345833,-41.3371555528519,-49.0158425845359,-33.3290528921556,-37.5202190460996,-45.150672374068,-40.2735673513391,-61.7233469967307,-34.7427150563984,-41.7214914600254,-27.5121609252502,-35.747452321199,-19.2202147366809,-5.69160074315595,-20.1373089396459,-36.99222541828,-25.8370409683403,-42.6285183733235,-31.629190115846,-45.3301138328093,-40.2682294685408,-37.1177422968571,-38.8181132352042,-36.7944404182742,-39.5503223459692,-47.7836151232326,-35.9352938726194,-45.3960986651733,-46.9590847377398,-32.9061766878464,-36.4755382922853,-32.7168125009969,-22.8404451794747,-30.9548394024934,-35.4154657633846,-23.6945207983925,-35.2656277802277,-33.9367893171922,-35.7768955454353,-37.0775417860647,-40.0874621455313,-35.8631691341586,-38.8613336226231,-48.1036960810152,-54.0489875860304,-44.9953816045125,-41.4776227241989,-39.9688890736066,-40.6689008837137,-41.8232609077836,-45.0703847097979,-43.3759586739909,-42.1955989423958,-45.3636492440802,-42.2128638116555,-45.3091156942362,-45.2684112548281,-49.7558490437647,-38.8077590852691,-39.8768274803279,-42.8270861938094,-37.9111989193378,-41.0874008177282,-34.7889273202299,-33.5014881205971,-32.6364080432363,-33.9454807859745,-34.132457404136,-33.4352302024824,-32.1417358380224,-31.6851765570405,-27.5277733172381,-28.8743677498843,-29.0355366515816,-26.2078535401014,-26.6349872749831,-25.9216012294014,-22.9567853230549,-20.7022913732711,-16.871480487772,-1.88980218682624,-7.97921682229829,-20.5994362310114,-25.3620574552254,-27.0506638457879,-32.7220847418245,-32.2957930773429,-31.2409653510815,-32.9859431128461,-39.5405715116431,-34.0236355798731,-33.4372543298637,-38.717311504414,-37.0027992231231,-41.2412048224184,-41.4343942164574,-37.0487299179886,-50.5736791381155,-34.7547712603153,-35.2531109446262,-26.78658109971,-33.2215785091512,-23.0629750154877,-8.52771700734098
-10.669415078724,-28.7240867438206,-30.219033106551,-34.8308372655741,-57.9879425058439,-35.7686539551742,-35.5801135981173,-37.0512860056318,-47.2410880978086,-36.3705593642332,-39.5450917612928,-33.5116018431595,-35.5630340269928,-40.3089828379468,-40.5894271253707,-30.5281920949397,-32.5419829792632,-28.9748120890109,-29.324993581784,-25.6225699028211,-24.9145836293374,-20.6032184303892,-8.3739658824874,-5.34709955125912,-15.6387720552772,-23.646055678797,-27.7577626743402,-25.8706483800828,-29.0469133569974,-31.1660014051947,-32.6358679585615,-32.6215370885951,-38.371228718078,-31.1693975377348,-31.6982223085588,-34.7693663785174,-35.0904762597389,-37.7780805949442,-32.963137081223,-39.6481233727914,-37.5446622533659,-38.4007679245389,-40.0924907026718,-44.0526253807712,-32.9756156668833,-42.0576347804691,-38.5775793421976,-38.2887629201036,-38.0881020729493,-41.1264341503735,-45.3737337505338,-39.81752181271,-52.022296816749,-35.5005324633504,-57.1674689515967,-40.9202210105138,-48.0927012746418,-38.023881769549,-38.4536875675684,-40.7886295286539,-40.08596765884,-36.5633735599083,-37.8075423508544,-39.5641099595672,-30.3735341153216,-34.5831433847295,-32.6019800755905,-34.4314161645821,-29.7808341446108,-29.6647662615957,-28.4768440489893,-35.6730961516159,-31.083304953534,-35.7385327358335,-36.7776119747135,-32.3827448148507,-33.1003038665923,-34.9247847825366,-38.4888283236769,-38.4818134498329,-40.4398965607473,-34.1363154698639,-34.6749563472919,-39.2267755418178,-37.4308066026489,-43.9716955988108,-48.4691888978267,-30.2656244026751,-28.4291415024386,-26.4770572612587,-8.21105991332735,-26.7092616481955,-26.2036640780555,-29.8810461183881,-35.5473694521753,-36.5506745635064,-33.8586098335213,-35.257496062712,-36.9730804663424,-33.7593062818769,-45.367038116665,-48.5338309538397,-42.4263963663928,-41.6108934800153,-40.0938132072041,-34.1950360381566,-38.9489719893974,-40.6058157210957,-35.0001285777046,-28.8602890792444,-32.4360850070096,-42.1074246354596,-26.4256267025154,-38.1192065003026,-45.332567189293,-36.8331455708012,-42.6011108077147,-42.6063194729178,-51.0730528641073,-44.0793941236011,-42.5943204667514,-44.3270673357196,-49.7958903480279,-43.2844570950736,-32.3803154480942,-45.782131877206,-50.7541977775899,-39.0839703995602,-40.6084206641409,-48.0933399531359,-46.183565876924,-40.7322451778054,-46.1947664276806,-45.679390766498,-42.8753289328699,-45.9471636498708,-48.0974253295564,-39.5159669405828,-37.2376307380884,-40.1462165565864,-33.6757907525679,-36.0913494441232,-45.3043932159493,-32.2016601000054,-32.9331903582937,-31.8380826606772,-33.7652808012537,-29.6843689917727,-34.6737772502206,-35.2521786322294,-37.8408762878895,-30.7703438689167,-27.1603975811914,-30.9397315496181,-27.1975778410388,-30.2875595991924,-18.6296361909849,-5.52982227912072,-7.88910991663879,-17.41662155027,-23.1152323638353,-26.3348683719026,-30.1262566966738,-35.5429465948387,-33.7515695317077,-32.8678980239787,-38.5055556421362,-49.349748787759,-48.1221921702901,-35.3656893602741,-31.5301028812873,-36.2184721159268,-33.1027423594541,-30.7441036965539,-37.0190411455879,-38.4171376386762,-38.7444355631045,-37.3156952149706,-31.6002502839699,-33.5792617564234,-10.669415078724
-13.4221638503701,-31.6246085562335,-43.8782754487842,-37.3940660114524,-41.0292779237739,-42.9556384947188,-42.6007756007339,-37.837501102819,-40.2793419751053,-42.3260948801092,-30.9487688367466,-35.7990118250432,-37.2372315480888,-42.0160879911479,-44.740419589435,-34.026737675113,-33.1308353907454,-29.6494759860291,-28.0987404249765,-33.0221231764998,-33.8830405571897,-20.1304833218794,-7.83320067710046,-8.33620488681001,-20.3203532799546,-22.0111031888241,-25.759348732553,-28.6965994302036,-43.9793838278186,-31.2875053199801,-33.0858211443011,-31.9597417610337,-32.9103452366469,-37.0669824168739,-42.5348580749699,-32.7192613164821,-37.1941286711226,-50.4488613753563,-30.3908751792451,-33.5526727886864,-47.3486878688185,-37.0174008812092,-36.4496203956274,-41.8296322342782,-36.1515181837709,-33.049726179555,-36.2081594190314,-37.4155642982956,-39.4980063390487,-39.6723461300576,-44.4662635539205,-57.5144145858273,-40.2181574787679,-42.7555447726427,-32.9504416245013,-40.3669793252704,-46.8020852761199,-37.652023222455,-38.9251499013701,-47.1319800034898,-49.43842067295,-36.7843273176223,-38.412786517805,-57.8314352412513,-37.9362732279452,-57.4784684489252,-68.4929557734835,-49.8989013000062,-45.6290901445217,-31.336924951381,-28.7502243089776,-26.0675482869993,-24.8386553805572,-29.8323221266635,-32.7291777151666,-34.0406484332115,-42.7857109418961,-43.7164565234275,-33.0247771878315,-39.9271560527595,-34.957180352992,-38.7071063781338,-42.4858446273391,-46.612030174643,-48.6493525567281,-49.8111170023573,-44.9015445311551,-36.1905016697473,-42.4460537408271,-37.6965008209428,-10.0221931621811,-42.9833517366092,-45.4982998923776,-37.633631148836,-34.2419886589673,-39.4264556435758,-41.8729623820417,-39.603371774927,-35.2550287251767,-38.091824036266,-32.69821187086,-39.7877360543468,-38.0728452568524,-37.0585702319758,-46.7093525677872,-39.4268763541539,-46.3072633076383,-37.5442745484555,-33.2431503207173,-30.634781942539,-26.8438617023191,-32.9646252567802,-30.8669503161767,-35.2451595616509,-41.7590385186382,-41.0134021385251,-41.1131672178912,-45.6124715490328,-36.5889254089506,-33.6030112370854,-38.1925841251858,-33.8653225547912,-46.4819824266255,-44.0253938292082,-34.4566413521949,-33.3152463727369,-47.9233461650898,-38.2104300198196,-34.474018782242,-38.0240449089057,-41.3706092620192,-37.5068776510519,-34.2064836418615,-34.2244511135028,-34.7684525354685,-34.3977638243855,-34.2098027116652,-45.0231769506177,-33.1781343657661,-37.3741232147115,-32.7089705724264,-36.4687229489404,-39.3379706094328,-36.9032610406088,-49.4281556010405,-34.6193166254632,-38.0898609439887,-31.4980183525746,-30.5038078803076,-34.7412845628,-42.4093719859821,-32.0577821652522,-28.7638951285252,-32.8425871313058,-28.4063414029737,-24.1341423615271,-24.2450519002662,-10.1550393651876,-7.36915669679212,-23.251371160926,-31.1263930396408,-28.2486213792917,-23.929870613017,-30.0071819797044,-25.8214350404159,-30.9085459518759,-39.0674709803234,-37.7717658784482,-37.1925472206939,-34.655705753504,-42.8929956811923,-38.0615939886214,-38.3411466301889,-38.7033727837817,-31.0095867106162,-38.7087578279862,-41.0342619652769,-48.237995817533,-36.2244638599877,-38.5416019368531,-13.4221638503701
-17.9089419352286,-41.0898641312952,-42.1565757413015,-46.5338027668366,-40.1797921515796,-44.0259693996925,-47.6563514521728,-40.6032704074247,-38.5029152689843,-41.1079533134387,-38.8709812379483,-40.7378232192439,-42.2565980479866,-39.0656893366128,-52.7604667108077,-36.5848207150036,-35.3228161554748,-29.602296019177,-29.2504856091445,-29.6331381545862,-37.0223858023484,-35.3812891711223,-8.71457464703706,-11.916537763689,-21.4676579559252,-24.566396891555,-34.0038234461366,-32.0800652736658,-33.0314629757918,-34.6955155800237,-34.0216122885398,-33.6089812870642,-54.7535880892288,-34.9522808414102,-47.8909651907397,-41.1142647598309,-34.3813519384001,-39.5095780150187,-48.0107145973583,-34.0692632321524,-33.7652410975084,-38.349192063936,-42.5665394057136,-35.9905158042002,-35.5578879793529,-37.1091485103962,-32.6657877474449,-38.9702136238286,-39.2911370650808,-41.5437187785709,-44.2508380086046,-34.3608745161719,-35.8067761638056,-39.902528491281,-51.454110610364,-56.0749832190859,-36.8084011893042,-46.384289658967,-37.0239649541307,-45.7120413601734,-38.0662407785952,-48.6246206092742,-37.2540000469397,-33.9559007183397,-36.3610875735511,-38.8423204349102,-34.9812619075624,-34.4760973286599,-41.2179061366924,-31.0836935268716,-30.6716436389138,-33.9505402537007,-36.7769747568943,-35.6965520235784,-50.7624407806044,-37.7697267807409,-40.2943501187298,-48.643968690907,-42.3479208168115,-37.2774813795143,-54.2861343420188,-35.2315764811051,-40.6915790307547,-39.978404640478,-53.646252062447,-37.2663809598831,-35.7887579414469,-34.9293392361943,-34.7178023381866,-33.0115992913009,-12.669434764855,-32.2726916468582,-33.1648112111119,-35.8383506900216,-36.5754326451418,-40.9693638398133,-45.2749190080852,-41.5993824743842,-45.055189263853,-32.3773977610465,-52.0551737213002,-43.929563914932,-38.4797118911626,-40.4411612131242,-42.1750236616852,-43.5079143957721,-43.9126298816822,-39.3573427067087,-42.5466508173884,-29.811172830376,-29.5303158311769,-35.3948055923336,-52.7571818731435,-39.5012431059351,-36.6631555439456,-43.5570910710074,-44.4453803765521,-41.6629340911546,-38.8212957903516,-36.8759414720521,-39.8254330119275,-41.6752800718688,-46.4638663496673,-41.2538995007534,-50.8563164157868,-39.7174116557988,-43.2986253612551,-36.6674696207985,-37.3556420641073,-48.0321737334993,-45.2536213439365,-46.0936113786883,-40.0578119957692,-36.1765888219018,-39.0038641732819,-37.098289563109,-34.9353660603362,-33.3920615676133,-36.9403948136338,-34.6633893379114,-35.7479729030695,-32.8700920513047,-38.2816084746647,-35.0301183917502,-45.529813132528,-40.0192781021195,-39.3112574863626,-38.8760973102985,-33.5695223707171,-35.1824356444291,-30.0595297131097,-31.87502468966,-36.9036922688519,-29.6677082324328,-28.9152289786263,-28.1684934896843,-23.7951495223168,-12.5675269499764,-9.50636074703826,-22.0027722972823,-22.6594592667937,-24.048110646588,-37.3461814730646,-31.8368265954224,-45.3854218056456,-33.7845028690017,-39.2502224283384,-38.7260744324409,-54.2816014303576,-48.9184917464889,-42.373405890548,-57.4059362925337,-41.2746134408743,-43.000847906598,-35.3653434937742,-38.58425059493,-46.3257176299503,-42.3358338443262,-34.9050475904265,-38.5261078671557,-17.9089419352286
-29.2959712771895,-40.5563557888669,-38.5275226296897,-39.4824696439078,-40.3914801769707,-41.499915967492,-46.7283386422151,-38.0721284339176,-38.7435457724573,-38.19329320968,-40.5444521434464,-39.4211394364242,-37.592116106191,-52.6898016120339,-54.1731080641656,-36.4367933795389,-35.989422006709,-31.7420574385046,-31.5014598550294,-31.3125525487163,-30.5664999704806,-26.1053686797587,-9.57297925670804,-12.5479713206831,-20.5005963420688,-25.9623940693529,-32.2419946221723,-40.0158065567612,-39.0299821333594,-33.5367577431176,-33.6460939933051,-35.619332583053,-35.6131991713911,-45.7498942749904,-42.2146445575543,-37.2137171494194,-37.6178485338044,-35.2075408498716,-37.9216808431209,-43.5511285029315,-40.261070287379,-36.8161387472679,-35.1648996658708,-37.162790608289,-34.9841396944295,-38.1317580835888,-38.4352440382936,-39.2028901296842,-39.8972435669702,-40.9455384204982,-49.7773094786777,-41.1466181785884,-37.0565677951287,-51.7832581664195,-38.2165177448952,-45.0288655629623,-44.6108547555259,-41.307836152683,-48.3116938709964,-46.9036223619023,-40.5123285647469,-44.0395877081538,-40.7074058233817,-47.2307967197189,-36.4621151745489,-51.3822692633237,-49.2244247429131,-44.7963349646557,-53.5626501853033,-59.2953078837918,-43.6000332932374,-32.7042365110005,-42.7391919262177,-45.426346880507,-45.1725232058314,-46.8767286155481,-37.3898502243263,-37.0740861704706,-36.5866556948125,-46.5057017525531,-54.0611290268884,-38.2758770004732,-47.219302023913,-41.1963503868669,-51.3793465256426,-47.4672251712059,-43.2197448853464,-52.8525548887481,-37.730994732723,-39.3276267023342,-16.5397256843245,-35.0350430813899,-36.8841728504402,-42.5245672613992,-42.5321793334417,-44.5660945510715,-40.4722284142244,-49.8074829107244,-60.4313273182029,-46.4903677436148,-40.0635586478581,-43.8178207713831,-42.931721699199,-49.0722626101811,-39.94209466516,-46.6007289121356,-39.9511174396525,-43.2336370181319,-39.5291881108878,-38.6415822590233,-38.2118922042408,-53.6901603873267,-41.2889646254054,-44.0763666148454,-44.0947326610375,-51.0211551566537,-44.1439174645671,-39.2819851081791,-46.0033682846484,-41.2925996047034,-44.6228428392771,-55.037725876976,-38.9475999188608,-49.0826901842527,-44.331604341017,-41.931937192018,-42.1240492019042,-40.6251394789265,-40.3716199722577,-41.2989117006979,-42.753151861066,-44.5382426212818,-44.4061674833513,-40.9231093587037,-39.2544230081604,-35.0977101917843,-34.9736159512463,-37.2489266388891,-37.4994767540033,-33.9527667178229,-35.0893621348845,-37.3883317042418,-44.4123546966019,-49.3169658764209,-33.5400454435031,-35.1024952177185,-38.7224278801342,-36.0421045244784,-34.0858744986545,-35.9092343755138,-32.7721094301307,-31.4970562893693,-33.9894592277029,-33.3503569628003,-29.0778574409222,-27.6129290625096,-22.0829024170131,-12.9467718977413,-9.94884001798396,-19.3314195706098,-21.6640236761425,-35.5022376092312,-30.7818250241551,-42.6010223918016,-32.5994755557379,-38.1458851414723,-35.6339665985579,-37.9581744003831,-42.2673155105157,-40.6818536900113,-47.4913718482514,-42.4229666230404,-55.8773885572275,-42.8069136048018,-42.7188792806536,-45.9864439277179,-43.0593234256299,-40.7511450002794,-39.3615635086085,-38.1436912830729,-29.2959712771895
-46.2788954164439,-47.7895036953591,-44.9310556919825,-44.9152029389461,-44.6304587347443,-46.606874760247,-52.2049208555048,-45.3722897634226,-44.7429035226283,-45.7956635401022,-42.3394391084801,-49.6846118758511,-39.4350573303228,-42.5996451282935,-39.2572590867609,-40.7088311858879,-36.9793038767546,-33.0191376882609,-34.4654529922962,-30.0025616747144,-36.6921588122583,-24.847823896202,-9.455099213239,-13.129105478112,-20.2171927184553,-26.8743983324174,-30.0292061423636,-37.1579177220869,-37.3680214879384,-34.5055583358101,-35.5810599130645,-36.2248864827752,-38.8831348487835,-41.0610949580166,-40.7255226116986,-38.313217148626,-37.5617056864884,-38.1866460299738,-37.8072971101226,-40.361471452472,-49.2521571353775,-50.3698420567147,-41.1365391607833,-40.0123897457392,-36.8814327447167,-32.7147569377254,-39.6625364255542,-40.7167497350896,-37.9055130085754,-45.3999375233667,-46.9053248213985,-52.6608931465498,-55.5648536356709,-42.6412162104895,-49.1911954142429,-46.0488173851408,-54.782522032307,-44.1906285142214,-45.9211901620222,-55.1814821249346,-48.5099956233592,-47.7230565126868,-48.9132162330856,-43.6451926041667,-52.91872289981,-41.5153849285808,-51.2211412000918,-56.4669923402832,-48.2030950288736,-42.9350817901685,-42.0716837228949,-41.3215123758057,-51.707093549174,-48.5716237094953,-52.1904199470301,-56.4523657711181,-63.4201450087815,-72.5068029853771,-42.0854807221455,-49.7938942961433,-55.5102187748012,-60.5304760487401,-53.0824255640127,-51.9393852996203,-46.5375089662939,-42.4234308799151,-44.2976278480401,-52.890354663942,-41.5770754253686,-37.4964104194134,-18.306458681285,-35.3447263178411,-40.9340176316961,-45.7791193330303,-45.7368972250548,-47.0592894068449,-48.1617116483335,-45.9277599477437,-50.6000436047328,-50.9637848938545,-38.2089273350923,-46.9452996449738,-56.4032470147201,-46.6872843195063,-50.0566915983276,-51.0010538369273,-57.1240928644846,-47.5493142080871,-41.3724577765339,-55.5338945228893,-51.8052014694235,-43.653166090735,-48.3588574746664,-43.1252450439972,-43.7079090612505,-43.1838467246966,-51.3338521817431,-43.6713106750406,-51.7100106004011,-61.286288251271,-46.8939116631876,-48.9201554906494,-66.9805909420346,-43.5065189898163,-45.9626473292851,-41.4554188204875,-40.6025981022164,-44.1794081325596,-47.1133983115368,-53.7101949137833,-50.421132093699,-44.0796914500548,-40.4212141535611,-36.6783045910091,-35.7592886830919,-31.6846680981576,-37.2466562402302,-38.4821446417865,-41.2380236615274,-39.9688396011472,-39.7027301349744,-39.6633960022024,-40.7494629607663,-38.7567097951437,-38.8227913097778,-37.9381110271349,-37.3138566048715,-37.3981296787893,-36.9049972704388,-36.480794632245,-36.878697179168,-35.1237907159132,-33.7443093677054,-32.8595889972517,-28.9674050572857,-27.9830578652492,-21.6331802558496,-14.5222418816386,-9.72331563559865,-21.1101652190519,-35.2114059082074,-26.5847591004654,-31.5715939573327,-29.5277679600097,-32.2363687941176,-36.6561990890215,-38.1544576487635,-44.7088400597411,-39.9314173949484,-42.5793587424234,-47.7417396133467,-46.8006938616205,-44.0217585758093,-42.2606634001573,-43.0976731602169,-43.7416909684961,-44.0012968299425,-42.094444892243,-43.6391419586749,-46.5463653368629,-46.2788954164439
-28.893275041903,-46.1388896542193,-44.0906669206708,-44.5527520133319,-41.0029130819428,-47.2817801722193,-42.5875023943976,-49.5216496842843,-48.4165745255215,-43.1039917328878,-33.0427356086091,-40.0008228326153,-37.9325835844436,-43.0737093014129,-51.8232670311854,-43.0365097046038,-39.9811432090002,-34.0344771967511,-30.4313364697289,-28.2253386822601,-32.6864907289562,-28.0512162792782,-9.93017488020529,-12.7605693212781,-21.1007663686831,-27.5464021961627,-29.7516522044394,-38.313469681765,-45.3333636666146,-31.4597941262708,-32.5251979063199,-32.8180876628216,-37.1069530844727,-31.5018115612736,-57.9336040164287,-34.8587062888554,-38.3626886325814,-39.3859453812024,-41.7177508475442,-35.3733172288373,-38.4638830511039,-43.9706494491457,-37.4087557310491,-32.712634980401,-33.4183975209586,-29.5604686465806,-36.57544639101,-45.3074010488136,-42.627758424966,-40.2439942316856,-40.4355521359889,-38.1516491935617,-39.6251992213001,-53.7442057643207,-42.525873659523,-42.4623041386092,-37.8577190728302,-42.6982077619157,-45.1267023513671,-42.4471851640108,-53.8911393587337,-38.1815748517032,-39.6735106922101,-38.2774652195878,-51.6660723631771,-48.8635341732022,-42.7089615495874,-44.9193913053026,-35.2212571264406,-47.8749937536415,-35.2763586418162,-41.6658530030698,-52.2953289739386,-39.8284803136244,-42.9638319981437,-46.4615101558073,-41.6120118475132,-42.5490006330527,-37.7765257808273,-37.734388015044,-42.8847897204215,-56.7778203350708,-45.6997001756216,-38.8484427337719,-44.1835848244844,-38.5627920160827,-50.4330440095158,-37.5571385265793,-32.2090080493905,-46.348838321127,-17.7103690033657,-32.712692923075,-41.5845480787013,-36.1045116629556,-42.9736634744605,-43.3901682887075,-43.5166327947985,-39.0707771319177,-39.436608117329,-46.0854892423837,-36.7002338891583,-38.4464643923155,-37.3666726647752,-40.1827177179804,-42.1071084614865,-38.3215348749384,-40.2564668483137,-35.2648560491474,-42.1808750185893,-39.8582879114341,-39.392909252284,-42.1268769666632,-43.8999812918327,-51.2789519894895,-36.5362657196247,-37.6560726230533,-45.5605079188465,-35.7323975233994,-37.3046580412635,-43.7033801131849,-48.6150889769419,-41.197150221835,-49.5841170012978,-43.1029232283796,-40.6398300869765,-52.6814649479405,-47.7695349252115,-37.2393914547616,-42.2793085330172,-55.6317904330457,-41.0435503809175,-38.4715209626348,-41.9465431483867,-43.4681987748787,-34.9721558274314,-30.7723474826728,-32.2840477643905,-34.0208270899234,-37.5322684904309,-34.897397964528,-35.6627873086953,-41.1054862945952,-44.2132955423912,-38.1050448093636,-35.5141632087481,-34.9977742307946,-34.5420072634176,-32.5137575751691,-34.5582428307251,-38.9566708670384,-39.7248417313805,-33.7882267289616,-33.2120169632899,-33.7037150490657,-29.1707081994122,-28.926022081298,-22.5140402090797,-13.9739604023541,-9.63111035053169,-24.4692716616611,-30.4096399033287,-31.6657299996948,-33.131253258636,-32.2741256341206,-33.4159644747461,-33.8741459020961,-39.5083474663856,-36.3685430461226,-34.6600894980556,-38.6761455187634,-39.6300673581697,-41.2194887366044,-39.5466201762582,-40.4197823283684,-43.8618427880567,-35.1950041241155,-38.0161623153416,-45.6490589178056,-38.7252187598943,-41.9830430325077,-28.893275041903
-19.9726389417596,-40.3548732293676,-36.6734524992532,-47.4583932681415,-42.5632092884831,-43.240398462797,-44.3292001913526,-37.4889147843311,-31.9674418269718,-49.0861997485287,-33.6568117964686,-35.0045706105419,-32.564927124377,-51.1017294597886,-37.9569036335591,-38.6311271116241,-31.0432124566369,-27.2139646985444,-25.1496873978883,-27.2684727465353,-31.6035109660415,-27.5787447948769,-9.64193420465515,-10.9312144788283,-20.8636582460853,-24.3426571299218,-32.0443823659527,-30.6088737967979,-36.4134656743637,-34.6169435679202,-30.7561031963444,-32.0069994892047,-29.7082686068454,-34.423612251861,-45.2252806955227,-41.6531959082986,-50.3263565425538,-34.5285805200427,-37.2010552869732,-31.491060213279,-34.493875781136,-37.7000370227378,-35.7618313927745,-38.7203608825047,-52.1071917327445,-33.4883744091549,-42.4774309912092,-30.4169781393023,-36.3808387723475,-44.0705945640451,-44.1879098566178,-36.1284736992142,-36.1054639296406,-47.13477596963,-37.4946868838694,-38.9946117851094,-43.0572174165884,-39.8571511411265,-35.8864147366044,-38.5005212679858,-37.6489601430333,-40.0361939601797,-31.1985792222917,-41.4930355624371,-37.7193332950656,-41.3934805097352,-43.0293846432395,-36.2432763969333,-36.3255538079952,-30.2840103728857,-37.2595403954893,-32.6321533946444,-45.7446458137912,-36.7340152518362,-43.558245138878,-43.1916474283451,-33.7919191866221,-41.2655247433724,-42.7510365431491,-37.7828037230291,-46.7624588306273,-47.3690784504863,-48.0037003184633,-46.8241196971887,-40.2022737924917,-45.1554346590129,-52.7354706100246,-39.7559682241326,-37.9090668721831,-36.2899718916502,-13.4408942716075,-34.4770969948053,-33.4330062984395,-34.5927521758906,-47.9405841317137,-35.747059450744,-40.1366134827543,-44.7671935278098,-31.0869741922908,-53.4890593020239,-37.186967247865,-37.3672858922467,-58.4976904801285,-45.7392376677734,-36.8772049226688,-52.2610713009243,-37.2654817887063,-43.7255853507386,-34.3080912023039,-38.0922950372587,-56.1669265015355,-35.9691333865904,-30.4570217109658,-35.9547904203172,-53.9000480256399,-51.315159729118,-34.6619487041496,-38.7617547040302,-35.9188744841564,-33.6844128810204,-41.1311796756371,-43.9934749786053,-37.3784399674396,-38.4966160024625,-38.0933524727292,-43.3719553566069,-39.0606181112352,-39.4341854229267,-34.296787099885,-34.4557650320093,-29.1228416781693,-36.7589342812008,-34.4905720321931,-34.005244189721,-39.8319223751423,-29.5130030329914,-49.5808748834766,-35.1856254936053,-45.9325984329893,-31.9732058511084,-28.8678479209999,-33.1208786564022,-30.7906948466231,-32.5089623027244,-40.1888467206226,-42.1690706677286,-40.0228871961801,-37.1969216892364,-49.8634334276737,-34.202628632365,-29.925367651163,-28.9332133812688,-33.805375487785,-31.8716287118717,-30.4006248026361,-25.3940086671132,-22.1805393588838,-12.1757803835551,-9.14424054834909,-23.9607225127167,-26.9533260929044,-30.6356126050829,-28.9580845191187,-33.2307415900661,-39.0034298620512,-41.6547887342725,-48.7393093946844,-35.0507225323628,-31.896732324634,-41.6363252943271,-35.0681208949183,-46.8622111837737,-33.4382443863401,-40.1843091928187,-46.1530557503903,-32.3383615274459,-43.999870237555,-44.9323133666593,-34.6052120052853,-35.8474290263897,-19.9726389417596
-14.3697315645134,-39.9904799901869,-37.8359674395803,-32.8258687271083,-31.5931305820311,-37.421916623515,-36.7069341831729,-37.5507172696505,-38.0097778502643,-55.3326650144058,-39.8362462684445,-41.5585480062062,-32.9165113067516,-38.6839924519462,-31.0292464452395,-30.6123288257259,-29.1701297347968,-30.2202422313183,-26.5986729426117,-32.2170602572043,-26.9188414073357,-26.124035239165,-8.9651030320094,-8.3046313107829,-19.4545503726768,-23.7003747263969,-26.8523058178058,-33.0744754523198,-31.9927414097094,-35.7045786225249,-29.4436978362887,-38.7774002474229,-26.5027231476466,-48.3249301849981,-37.5460586270048,-44.3508144227931,-32.2615807764828,-31.4331296134249,-29.0454577548272,-34.497888840723,-43.621681878859,-28.6473768162741,-37.593718083879,-28.8189603454056,-29.3701536109015,-29.5462595173289,-48.1574984705023,-38.5185428705038,-45.6042141089415,-46.3575303674019,-44.2165014015421,-38.6689071521529,-41.8191313012649,-44.905638407594,-35.1148093544561,-37.6803136181882,-36.8234635231273,-45.8725530054476,-37.2138041697539,-37.8282713830142,-55.7605671101649,-36.1751732385585,-46.7550555551035,-40.3750680933517,-38.3341329427431,-33.9023358754915,-38.4778987526348,-37.8607282388736,-27.923161522391,-26.5652972415037,-41.3088188570765,-37.7003946046368,-41.8469199860503,-36.9217075245603,-42.3565962568916,-44.9555162885009,-36.3297783188211,-48.182859525752,-43.8199826425836,-34.132468638619,-39.0552270262408,-31.5794396958397,-45.8671609861177,-41.0732712410404,-48.0352886996592,-40.3245064106088,-42.3826698564661,-33.0077040350484,-34.4693403197926,-35.5814727654136,-10.6575277564805,-31.6944696331985,-34.8237076609965,-37.067371510666,-46.5057124214219,-38.2844662497298,-36.5968825910927,-54.6236426304584,-35.0638169525119,-45.5287617394944,-38.2453560552959,-29.5883510584133,-32.2129150769078,-45.4428272129095,-36.0410935615345,-41.4629129688099,-30.6924965854495,-31.8313206942758,-37.8338938402997,-37.6777472070122,-45.6549857154469,-30.5322715600898,-28.7978896125382,-37.9189857468132,-36.9222658584657,-41.1611094769381,-31.4273277257267,-33.1839579173328,-35.1929682116369,-58.8717179665298,-37.2553682753933,-36.8084383768492,-34.6299808245115,-35.9627894058364,-39.206133562746,-32.2818905170961,-54.4310798608148,-28.9122616619483,-36.8361920367876,-26.9796629612372,-34.1713413458671,-30.2124659177611,-34.5853045186638,-35.905817387152,-41.5422973453705,-31.0356126895769,-43.0833655663148,-35.2887436524442,-34.0143434940836,-32.288777563708,-34.1450641360809,-38.7292203321645,-31.6631848710923,-29.1087262139174,-38.2846345438201,-33.0167056560005,-40.1121069427116,-29.4750213867045,-34.3557054424374,-27.5387823371825,-33.5984198020162,-32.3097412220944,-29.440332996747,-33.8381753385046,-29.8999014024859,-26.1177168416421,-22.2622783541573,-8.62111065698249,-8.59285336464187,-19.3736832157628,-23.5740894208834,-25.8001208049189,-29.6573191825685,-33.4080258111962,-34.8400244748944,-31.3852282752209,-37.0238980035608,-32.2126969488647,-33.7830960652875,-39.3808667211119,-33.8727844042792,-33.2729249810304,-49.2492438239033,-32.9133605828602,-51.3041040142185,-53.6756580702654,-36.7349084537036,-47.6840618400978,-50.7969680051172,-41.829248078376,-14.3697315645134
-11.1539693029644,-29.5457408474943,-30.749424909601,-35.4260575757884,-40.2818403026664,-40.0295671100949,-45.1571407581552,-39.6465065479374,-30.907495759062,-28.6502435475077,-30.3242895065647,-38.0352276198037,-42.9166356959589,-42.2477112406155,-43.4542502642046,-33.3122331176066,-32.3859048218949,-28.7694849119205,-25.0825100961178,-27.8536107698835,-39.0002353343706,-22.1830653681725,-7.47473824473903,-4.80199809475251,-15.9678436686059,-19.3143235628764,-23.3188687263152,-28.7517859180666,-31.441372687249,-38.7682943175729,-30.9332914871728,-30.7008343497918,-32.8434491704802,-29.2159450900352,-30.5324174698524,-28.4379201069787,-35.9819533446109,-31.1756658665981,-45.669958837407,-32.5511623553146,-35.1605253653082,-37.9107356235882,-30.0985542703192,-41.609599585462,-36.4567891984067,-59.859215398445,-36.087744205664,-41.9867040363486,-36.8371399332112,-45.9063213381346,-36.5241383818137,-38.1908814944193,-30.5661283041495,-38.5856780015872,-47.4367570384552,-39.5121854293514,-41.4513382985265,-41.5218567712526,-48.2119773939355,-35.2267437347947,-38.0173347707718,-33.0333500009494,-37.0300410291682,-42.9884851542467,-35.3982718172009,-39.9439595359991,-36.5132696483579,-32.8850012829997,-24.4410492848348,-25.0850658494509,-49.4697771441861,-41.3135423552574,-36.4789958424338,-43.0842869738892,-57.1803230640995,-35.1786052532704,-37.676592392757,-40.7935236154848,-35.6196765700832,-49.5012128803832,-33.5382575485026,-42.1640788377572,-42.9379418416851,-40.2003871053456,-41.0161920579326,-44.047611017715,-61.9662979978335,-32.2877834317289,-26.6084859040817,-24.2822121293652,-7.89155904879073,-25.537368703324,-30.033929648228,-32.8049086489867,-38.2327022316411,-40.4268123307857,-49.2611936201537,-35.6278419808104,-40.5658347393723,-50.0031723638274,-49.4662535923344,-39.5256457173369,-52.195943904339,-42.5147418370106,-43.0843242377644,-38.6573515734221,-41.1819357134244,-47.385582442691,-47.6618172643249,-35.3022880322675,-34.3581828792451,-25.5851266604908,-27.6986025734779,-34.0667958793698,-35.4420187663993,-34.1737992501826,-44.944380898028,-41.18370525857,-39.0255282985863,-39.0227081136294,-39.793300141209,-44.154792064048,-40.5322804779514,-38.4909862204921,-37.5716458676041,-40.1412306888339,-35.0822245468729,-51.3201946523575,-34.6604896680219,-37.9599900875222,-43.6382527332738,-45.3279627121791,-41.3518755838092,-39.907517759967,-35.2782759652138,-33.8993234101434,-33.9503287803573,-46.1227409098684,-27.4241439147955,-37.6261417141815,-30.6076362067164,-33.5096194173221,-38.3529466195462,-30.9256166078795,-34.1539109245998,-28.3160692387592,-32.0495141896387,-28.5310007396103,-33.7760380054645,-31.6327649821465,-29.8731875437435,-35.6970762322452,-29.834858647364,-27.4137272639674,-25.9107728979932,-23.7835764957467,-17.6816354044741,-5.03699962555874,-7.90903102000923,-20.6604856633152,-24.2247625513545,-28.0062657033352,-28.6948749088081,-32.0167031188523,-28.911134161157,-29.8500347150032,-30.9806143481563,-43.1231017587821,-34.0904086154806,-33.3468066375603,-40.1666787445332,-39.9135937881186,-29.6488351222243,-31.0171381612337,-37.4262982603455,-31.8250747754658,-37.9072735920049,-32.9886930328185,-33.5636569665309,-38.4683943605986,-11.1539693029644
-8.46778403256832,-22.7677501636773,-28.4694994468164,-28.4368866115398,-32.815131164887,-30.2658734438171,-37.163340839605,-35.6246010813128,-40.963692243016,-31.809460131339,-38.837863016375,-35.3331266586373,-32.6249342440955,-32.6977544657214,-29.172250615759,-27.3867519909456,-28.5857801719972,-28.5201257555487,-29.2510097852503,-28.0833843907137,-23.9387519497668,-18.175880709251,-6.13295743417423,-0.867978676492065,-13.0300418918565,-17.7806123448672,-22.0323073041598,-23.3251120055706,-24.7231632418864,-27.1310695393463,-28.0667295236074,-31.0995305161487,-32.8643725194172,-29.5821325210681,-29.8305292014278,-28.5276730012395,-33.0689331075451,-29.0746233991202,-33.6869706740293,-34.4390367876737,-32.3854372523651,-35.475700508404,-35.2364801025371,-35.4534228571904,-37.6135757323688,-32.5799109669911,-36.5800513644458,-40.3155326930423,-36.6428455110637,-50.2437887499864,-38.5631371794026,-45.2738501227507,-33.2961459168848,-37.5495621900257,-37.7057867182623,-52.8334106555651,-41.0102787909115,-38.2522526928796,-46.4339862557911,-53.6909066960831,-46.1007257204828,-40.0924584891112,-36.2738058374085,-37.5947772761759,-36.6941792604226,-34.2361328152268,-38.4780996579258,-29.1057597353575,-21.834406848015,-28.7385997221716,-27.9630309686652,-33.6473493872613,-41.9439958603413,-38.4397579762113,-35.181926663902,-39.4300655701163,-41.0404997169698,-33.8030498675979,-42.2158412504191,-39.3816665202047,-37.5747593467002,-34.8104993684203,-36.7617806394012,-38.3805236271379,-41.8257939890947,-32.3165243023758,-53.708543095476,-26.8637015498849,-36.3612153530786,-19.9347566856805,-5.77169381287097,-19.3045949516484,-42.1679759261074,-26.4550090632816,-45.737712020768,-33.2076847907223,-39.0037365591375,-34.9838427931422,-37.2813944868604,-32.8423495302752,-34.9478339523694,-41.2308539704403,-33.5351650187664,-40.5928438464793,-39.2920025050009,-39.2239446339687,-39.8752367487173,-36.3157912122379,-42.6231053352056,-43.0902272350815,-48.8578792627629,-25.3670113573806,-21.4037980383304,-30.5528954246297,-35.9827886411091,-47.9035586639731,-47.9135413094447,-53.6103405997358,-43.2066489028351,-45.3431584653654,-41.1364096102285,-38.1767493631015,-37.0836473898157,-36.4658800688228,-36.1743333417096,-44.3583920984997,-41.7021266874145,-46.4690255500008,-40.468989290476,-49.187970559763,-33.8678672340133,-36.4068379549136,-33.145460859699,-34.8846957799582,-39.1659165477401,-39.2337533318534,-28.9155608465199,-37.3843518537827,-31.3312618849414,-39.4289291695069,-37.0207950687268,-30.7578944333614,-40.2115418900124,-31.9630034783542,-31.7033469133127,-33.1978643197592,-28.7438320776233,-28.5175745740538,-33.4500146224749,-24.6331658065547,-28.714210874483,-24.3583720962713,-25.0731799070031,-24.0952170536023,-21.4655115778086,-18.4130761082509,-13.0609596532872,-1.09472405195903,-6.78352670701162,-15.9421517542387,-20.8182580031196,-25.8185971393116,-28.082362247022,-29.9456536133787,-29.8539791389695,-35.9661328502384,-29.4475849498451,-31.2763641527995,-38.7653357025738,-31.6901184721789,-34.5452413141484,-41.5329970739219,-35.2693753953192,-43.01276469503,-33.6988096359641,-34.6958613292398,-34.9246819853596,-33.0172401548403,-33.4506979545828,-20.7802194110084,-8.46778403256832
-6.83420448471173,-23.5009579952875,-23.3169300382585,-30.4228232096396,-26.865253259276,-39.4204953211629,-31.3375839238578,-29.0316376081799,-33.3384740697345,-33.4160485399595,-32.714009403193,-26.5142534630878,-28.882696518131,-28.0899273827038,-25.5979098890218,-24.1975453696669,-23.2965794482037,-25.1145492094234,-23.664484402923,-22.8312988946006,-19.0501024853982,-13.6540496392493,-4.70302505381184,2.25707688495684,-9.51509270353822,-11.7477570892382,-15.2517966761637,-18.6040163348342,-21.1415603437372,-21.9560169828338,-22.1258370100055,-24.6268258218692,-26.8568329994722,-28.2510050832435,-28.0323308688373,-28.4867869175998,-32.8455570768915,-31.1882788980712,-31.8019643232345,-34.1764796620386,-33.008378489681,-34.5522696336049,-32.2529772776757,-42.2679433462397,-32.4688774720227,-32.6822246173678,-64.5164615738897,-35.9757328443537,-35.2050011670272,-35.5725162480505,-38.2146851810555,-39.9404858605043,-54.1614380139262,-48.4129446360287,-40.2452783938368,-42.3308890323354,-49.1862160900204,-45.922268965342,-39.4526751841382,-37.5760267539563,-41.2396300818894,-51.8262031677062,-55.4247256359405,-34.9341441295913,-43.2188773679119,-32.0302353313849,-41.2568665470325,-34.2458023179743,-18.30959705769,-24.3655592529306,-21.8850358330322,-38.9883104743432,-34.2030988843309,-32.0450553180556,-31.1501560285435,-33.5476997576718,-34.7875666657427,-31.6544450653074,-32.6405004877041,-28.9049340354671,-39.3715520916735,-34.3106217138903,-37.4288580928192,-54.0897378236773,-35.2364520344281,-30.4662865275446,-26.6320737726701,-23.6491733543827,-21.8354314885798,-20.4818700930676,-2.95431231434271,-20.2314197904288,-21.6530474383414,-22.4800613995392,-25.8327099162044,-30.5521497979378,-32.6310492772089,-50.7696010668121,-41.0087666994742,-36.2717748723081,-29.9707948803636,-31.6309381064042,-33.9330522082397,-34.4180281596856,-34.8253530846266,-36.4007549865276,-34.0650507425792,-32.8230428118179,-34.781901386563,-31.7329610112842,-23.8807745658238,-23.0346008257615,-19.448291179332,-35.367064462457,-32.3983399041994,-36.1366741496968,-37.7566438549992,-43.4091694964076,-49.0655744504069,-49.4445023969123,-38.5242993077237,-52.6403034558838,-50.3484472295896,-44.8313308243193,-52.2395236063528,-45.1055370549101,-35.600928444024,-36.1997373585907,-37.8837252161604,-37.5730990050637,-58.4040827274317,-41.7724704683441,-42.9155973233347,-43.3691486408997,-44.7609408732606,-33.418409908169,-30.2870539793583,-34.0608866939382,-31.9506396790905,-32.470712250215,-31.3655587950887,-35.4970416908522,-31.0416262794166,-28.6892525098002,-34.9393595704752,-28.9946709665462,-27.0783293358891,-29.0309951877132,-30.2018575443147,-24.1510222595367,-23.0112393047044,-23.5844574300174,-24.090181624112,-21.2922285049039,-16.1355259320241,-12.5628745085109,-9.3415535522328,2.48055180611164,-4.26387415789966,-11.622384417089,-15.7806616386656,-20.8131176703798,-22.9018035217163,-25.0284146255561,-24.3469568501024,-23.2550145409617,-27.5334425264201,-30.8502642610596,-31.0841642072022,-25.9513229609503,-30.6367014375648,-36.3813353945681,-28.0475816791781,-32.7779096106499,-30.0780449523075,-40.2356726902477,-25.6688791962459,-28.669186338063,-23.8412709322338,-24.5871549202928,-6.83420448471173
-3.70205850882042,-15.1097438777862,-20.1153972612139,-18.4490669942066,-33.8558501435708,-27.1144712945101,-21.7302322039279,-25.6848155704986,-23.1531441137961,-23.4091367610606,-20.6678975630867,-22.9501797125111,-21.3890296476697,-20.1833331485361,-19.7361702547145,-17.8573017028476,-19.2304921692866,-16.4774408045858,-18.4702967782351,-14.0849625612842,-14.7416721581506,-10.5351738491277,-3.609419781206,4.56034823252654,4.45723550791615,-4.66710443061196,-9.17986661898886,-13.0751186727538,-13.1267384411725,-16.7367913667618,-15.9244650442124,-19.5700993430728,-18.5364203360693,-21.0868004412583,-19.8488810219004,-21.6731158473097,-20.8085396333743,-23.350779007193,-25.3703408207796,-22.7349397651338,-24.5579255177017,-26.2979082522031,-28.7843942855433,-26.9579423144197,-26.7524637690957,-32.1133869400857,-36.3258520706804,-30.4177380455841,-29.1120633034703,-30.8775116021925,-34.1586614132988,-39.2206418782693,-42.5711632744085,-38.3006465065233,-40.9320114915099,-38.2745875962322,-40.5117795510939,-35.2297899057556,-45.2736283816424,-32.1130204832948,-46.6719034988431,-36.034500380067,-35.6644066805547,-44.5725471390772,-28.6978822924148,-39.6349531094864,-24.567982680759,-32.6815069641094,-15.9822886640217,-16.0810862197094,-23.7125315210237,-21.2292146012793,-27.2831619468815,-25.8579110331784,-33.228638036354,-26.643075848164,-26.6957908027478,-29.8374652652436,-28.2515042825348,-24.3724021008401,-27.3694536948609,-31.5582878243373,-26.2224152321754,-22.4943392541661,-23.8121155802216,-27.2803432685694,-25.9646482391769,-16.9627871232037,-12.4891500640588,-10.1967153945201,1.67634625392977,-10.1122982795868,-12.4171157228384,-16.5826195974341,-25.3943060157718,-29.2684820952726,-22.4020027980255,-23.5674030586477,-25.0282423185215,-32.6341601167114,-26.1929093200608,-25.2736939310545,-27.3588632720162,-29.6725064658508,-26.8173719113874,-27.270255328044,-32.1569463866265,-25.8465047746727,-27.708793526243,-24.6413413319249,-19.6756278816439,-16.3094406323046,-16.175242275499,-25.7544927416779,-26.0340981722902,-31.6701234183644,-29.766365105811,-34.9675960067883,-32.7854529781505,-38.3203174679121,-34.2111052291892,-38.0279694396564,-38.549355620391,-53.6453795563692,-36.4731806917335,-39.8383659729767,-56.1435046287383,-44.4899040864323,-42.704757235742,-40.0213278705465,-33.9884486838374,-32.1902813205939,-32.5179558637483,-35.1727957898027,-35.8492468376533,-29.6843211516749,-26.8696851790814,-28.4780510551026,-25.7242172013296,-23.3615837286961,-25.3477691134926,-22.4007747885564,-24.4088735099185,-24.1660033202677,-22.7109998626719,-22.7235846086306,-20.1815512012666,-22.2632910260683,-19.1116988461316,-21.2551315293375,-17.4249701154221,-17.7974742942638,-13.8443528537435,-13.3675877422865,-9.42702601558443,-4.61872777060877,4.55157422445156,4.85284480803149,-2.63464636216278,-9.37318668696564,-13.3550842480153,-13.6303469657045,-18.2271967516907,-16.8999603563664,-20.5566096433382,-18.326968963561,-20.1637086241484,-21.1481745002082,-21.8031139911597,-24.1154497784059,-21.3373133754029,-23.9684589000845,-23.3995176385257,-25.6818741483512,-21.6717198942854,-25.6296174431626,-31.5863478734665,-18.3983299755994,-20.2147787965962,-14.9481308018388,-3.70205850882042
1.09619129871052,-1.05242920660206,-8.71673378940341,-15.8559495080981,-13.9423553830576,-13.6606882570872,-12.311330332219,-14.0955396189617,-11.8144933692981,-10.3588345174251,-12.3001542048461,-14.5967719046631,-12.0922645701617,-9.96433082649678,-10.4256864969461,-10.4797845955644,-7.85413368937866,-6.91042355570445,-7.71680840446024,-6.02277407122825,-3.72379474262053,-4.07089205760141,-3.15043621533824,2.97814206963956,7.41431444738407,9.70747743033163,10.2464883296006,9.14254892937784,6.21169682553469,0.798177471823282,-6.95893819644064,-5.48988888384429,-4.26448166266034,-6.48446244513737,-10.8800777424273,-11.1953880147398,-9.3665469829159,-9.72657144663872,-12.1434711869852,-14.9092756305527,-14.6767402845139,-13.5728576990093,-13.679935433685,-14.9223171072065,-16.4458968127937,-16.9950024005447,-16.8311161481985,-16.9583324847671,-17.6430506998134,-18.5041021504943,-19.0457631205287,-19.4604301531235,-20.3825376874668,-22.2391889070447,-25.3628553728667,-30.2791974062854,-30.9128138515572,-25.8502707109186,-23.8908821597175,-24.8296740638824,-28.3993166876093,-30.6244355526975,-32.0947193163664,-28.8670822174792,-21.7273640491837,-19.055382582931,-21.104678031249,-23.3885751020902,-16.1115739292243,-13.0976347808104,-13.4632251484253,-14.8814222376654,-15.369757151911,-18.8595094137449,-19.920924968531,-15.319382190225,-18.9833157759467,-17.5203391548219,-12.4493579266531,-16.9463233326136,-13.4142252589634,-10.2906790545775,-16.230328387733,-7.84443070255006,-7.94685904327353,-11.0433311296686,-2.27056541357744,-7.57555238438457,2.32411689842864,10.2210149021909,12.2981778895699,10.2191885184043,2.33048383515974,-7.7046368111966,-2.36639406933464,-11.4021808591178,-8.01341745626633,-7.85875319418473,-17.0073490784374,-10.7196295873005,-13.6897088080025,-16.8103136351177,-12.8896408027762,-18.6035725085991,-17.7493811372677,-14.8160467784701,-20.7558143684851,-19.0169382554067,-14.7101308106722,-14.1087051955657,-12.6594637217558,-11.7632942872581,-13.5658805007621,-19.6921104744187,-27.2975688393825,-20.2231444501464,-19.6225195073466,-23.8564093418202,-46.0187444634835,-26.7618287668926,-23.1973889260727,-23.687025883826,-25.9669718664246,-27.8218490165003,-30.0287035275404,-31.6874842235234,-25.4568818483187,-21.0451451878216,-18.8978211136199,-18.1389248152739,-18.0541834740714,-17.9914256971021,-17.818312953461,-17.8735799487333,-18.4189219307584,-19.0539145880188,-18.3414398473047,-16.1749600661626,-14.313941845088,-13.725689190342,-14.5369342761155,-14.9379983566134,-12.2301068997953,-9.57634934134612,-8.98316076793471,-10.6854485826136,-10.6544975613805,-6.28733627121535,-3.96307645918942,-5.0347878905534,-6.59413955941873,0.886828318138138,6.28558868263033,9.19962876028031,10.2781480361917,9.71037990558508,7.38560310861605,2.88642077804924,-3.68067119813688,-5.01299221853787,-4.54724245525297,-6.95734378637072,-8.75242057395029,-7.75888752341388,-8.71356181729938,-11.5403242470734,-11.3735994989171,-10.9666993124078,-13.4537544465025,-16.1185009882512,-13.0845906538995,-10.9619401008349,-12.472847869543,-14.4507034768588,-12.277831929153,-13.764977319561,-14.2171974604908,-16.2814844034394,-8.80841878241226,-1.06188376920991,1.09619129871052
