-14.0166808281691,-14.2638112988787,-14.7681355303556,-14.7821531830368,-14.6000895319114,-14.4715463332077,-14.3371453758238,-14.0158461746258,-12.960753266615,-11.3029750521998,-10.1345657196265,-10.0222609378553,-10.9965297405247,-12.4244050558152,-13.0259880396373,-12.5133305803904,-11.7119233805119,-10.6534921930433,-8.75498468875438,-6.33865871926667,-4.52221172116326,-4.11016162683305,-6.09148299564298,-14.7561927157607,-8.43180146331262,0.228968193629509,4.70139202292409,7.39391586023735,8.98264443457785,9.77141430991889,9.92727075656003,9.53575113504067,8.60639298639655,7.06700632378328,4.77598447748819,1.53166903557062,-2.77114214507351,-6.88739110606801,-7.12615950537744,-5.46251621855122,-4.22883190826643,-3.58493591349925,-3.49685102139004,-3.89236704122578,-4.57576397595505,-5.31506597317093,-6.03571865545787,-6.75438955480015,-7.2879821645781,-7.35157439418263,-6.97068370035918,-6.57870360014791,-6.3442399505815,-6.05203475712923,-5.14165279726292,-3.40490026432643,-1.30086451998227,0.554890000874575,1.77244590657028,2.09979295957811,1.36320461471542,-0.06516124753321,0.617080393635599,4.2825613748595,7.69664321790813,10.0388724376896,11.3838669834549,11.8346415256663,11.4327514989018,10.1321912982631,7.78095171641885,3.97714766517857,-2.42914285631089,-12.8484894249267,-6.53431091547313,-4.05781230456927,-5.18151725401635,-9.83979227868258,-19.2851821420804,-13.7842412766028,-11.2884991096335,-12.3438502137851,-15.2566911305946,-19.7679891683889,-24.3374107309438,-15.8386587866601,-12.0725958937943,-12.0389490317383,-15.5140304224793,-23.9598412415128,-35.5687585521332,-24.13228125051,-15.6113424146012,-12.0606413766597,-12.0635076653998,-15.7759060653871,-23.6690006616495,-19.5831926295779,-15.1833399890397,-12.3316135611232,-11.3148291835781,-13.8582320508768,-19.4769772352099,-9.90698141036633,-5.23305345848045,-4.11481922693982,-6.60724902640968,-12.6886373751144,-2.34415410805168,4.00996918651377,7.79448287911232,10.1359667855848,11.4304810291135,11.8309365842069,11.3755550090239,10.0281675266202,7.6824614108336,4.26701798438776,0.616798623617268,-0.0587077044545496,1.34688018897087,2.07254789867326,1.75307413701104,0.557583969171596,-1.27570569049648,-3.36579139293188,-5.13285534693787,-6.06815769143082,-6.41069466609742,-6.64373478025571,-7.04647429449233,-7.42852758292251,-7.35938614728856,-6.79357245361309,-6.05576564794655,-5.32685350658348,-4.57817183725735,-3.87686291632384,-3.4633340263397,-3.54260786994791,-4.18517500833199,-5.40878601172178,-7.03272296908919,-6.76471977027553,-2.70698728196116,1.57249414347802,4.80754295201305,7.0904889731157,8.62131759117525,9.54538169745855,9.93314341457925,9.77553020922715,8.98622672448501,7.39630719846303,4.70080276671787,0.221983382846152,-8.4568306087298,-14.8359823392479,-6.15045543140429,-4.15909083217308,-4.57779336953692,-6.41810392345776,-8.83956144601475,-10.7303858120898,-11.7832606152421,-12.5923197427531,-13.0309394047459,-12.2732960332228,-10.8197006036771,-9.8744994937381,-10.0898084929583,-11.3900854451198,-13.2724018347359,-14.4619272657833,-14.8711661126375,-15.0469292785267,-15.1683992490249,-15.3143672825191,-15.1993155690399,-14.5043229733251,-14.0166808281691
-25.1370787835544,-25.051989307735,-24.2848243919463,-24.9443911385978,-23.5737282231647,-21.9897281041552,-21.9077549816869,-21.4878618591173,-23.8316852901805,-25.5345726880836,-20.881743253479,-19.6889470788679,-20.0542914345772,-20.4350256372172,-22.4640564665337,-18.1339685932141,-16.9230217163294,-18.3820785119671,-13.5009073854709,-12.7603645205306,-11.5522066612691,-8.0311727863212,-3.77595490788657,1.60882232545724,4.62646131377517,4.72097418273293,1.37792768247261,-7.69841637193016,-9.23606808933687,-8.80691705958531,-15.6452287466929,-13.3222684826976,-14.5741826684904,-18.7995368714789,-17.7232992353167,-16.8187538059549,-21.4413296981273,-18.7967643841713,-17.6781485613657,-19.1336104050636,-23.0839640062305,-21.9196389533676,-20.7385667957175,-20.9560565921479,-21.6009694548392,-22.1996234533188,-22.6852631213107,-21.6174023932251,-21.1539017943502,-21.0970072511968,-18.4821485208901,-16.5610433331299,-15.1233967221935,-14.9255100817198,-18.4420075651699,-21.4698872067837,-19.6531878257364,-25.0392967311228,-24.2620857412148,-21.4689110544557,-30.1238361318333,-19.1496309996865,-20.7997426567816,-21.5360656053662,-14.5454947628787,-26.5320675360255,-8.60181122619037,-2.57321629757516,-2.20686241756423,-7.35244895798512,-28.1206877622201,-13.9538710832506,-20.6194589403253,-21.7724709762295,-22.0233044192383,-35.1425364956687,-26.1615349447152,-28.3339381056945,-38.9244504701055,-24.0366886390953,-32.3929444324376,-27.9106017005153,-33.1275339763002,-33.8430660520846,-29.8504373747584,-26.2333702294625,-39.1389986051656,-35.8733004754173,-26.9470635689078,-31.7502533691383,-31.7854227626943,-33.8902205046855,-27.7463628422942,-35.4333286430156,-39.3115894736258,-26.6832574907395,-31.2974108195343,-33.8311919612463,-33.8052680415106,-28.1015581713921,-31.0432111874386,-24.1046379060296,-40.9995792249705,-27.9770787510029,-25.7817893668985,-35.3536791843657,-21.8895302876665,-22.139565410529,-19.8284377604382,-13.5035776046776,-26.3163600911122,-7.3447677911821,-2.1841258028071,-2.52853586931497,-8.56991133939895,-26.7710779065597,-14.7010682401523,-21.7505320705224,-20.9649200758166,-19.3245206618372,-28.9387729498912,-21.5377154280187,-24.3332429864897,-24.9807797704932,-19.8097141340238,-20.7946352125411,-18.2144667457927,-15.2701517198687,-14.7840753636815,-16.3169949466934,-19.2337756492642,-21.4278985767215,-20.5563379187684,-20.7774143653675,-21.4520938163895,-20.7548134237313,-20.1445537614017,-19.3833203692336,-19.9070707467245,-21.2233189152049,-22.3423154278582,-19.0247211100719,-17.9256138215851,-18.9376794118887,-21.3723245232355,-16.9701950833614,-17.9343031331205,-18.8941484404293,-14.3879587597833,-13.2068293667939,-15.7181482629625,-8.80903262001264,-9.22969392765034,-7.74799448907082,1.37334120688192,4.70013990589404,4.59785789063402,1.59545176319407,-3.77440332962072,-8.06747218922473,-11.5653501394219,-12.7139270601558,-13.5413766742654,-18.5281128014104,-16.8992147096939,-18.0854060078669,-22.4852606809972,-20.4274217381136,-19.8453988729223,-19.6453012791127,-20.9157323353777,-25.0853181232454,-24.1158710643396,-23.0950779801628,-23.0051362853244,-22.0579551489048,-23.3742437982206,-23.4400446479399,-21.280987979484,-21.7756676267318,-25.1370787835544
-29.2949547905558,-35.0279406622671,-30.4413619055195,-33.7797681513764,-34.7394622862485,-28.2644911611151,-28.0195000860415,-27.4475737718544,-29.5541864587086,-30.5321294022544,-27.3996940982816,-26.9153388195465,-25.3933167256255,-26.6680747111729,-24.636817685796,-28.0936590125943,-22.9506064717052,-22.5707876844481,-20.1705871410239,-18.305433423178,-16.1319132288396,-14.7445263673721,-4.2148871305898,2.14048089309811,-0.0426117844852361,-12.4382697879751,-12.3976168186618,-18.9758669057961,-17.0183450028875,-22.4154023434466,-19.8153065341107,-24.5502166042464,-25.6237046815682,-25.0784170308031,-24.8308353004905,-25.9180456085071,-27.7143651965711,-27.6133310413047,-25.4741797250273,-27.380340590103,-25.6334904130675,-29.4192676442436,-30.47078839594,-27.1119594880213,-26.3223945955552,-26.6204204897348,-26.4588415628352,-30.2574042036928,-25.3042063416471,-23.1847795240672,-22.870510553371,-27.2867543195662,-31.5640360604967,-30.7917657269819,-31.7493404854412,-35.5370991857967,-33.456746112455,-38.7319318760184,-30.6143389308477,-46.8097225291649,-28.7629335552744,-36.5600656434466,-30.0185334364981,-28.7306441822613,-35.8991184377492,-22.1300104441112,-25.186468569656,-9.74539744029193,-9.55607310976608,-21.3498084501644,-22.3060770740772,-30.9449848487054,-27.0334222419356,-33.8320613683504,-30.4653685928208,-29.4258769399023,-44.0942099061559,-39.3887573006651,-42.609797344173,-33.190760851864,-37.3337389335988,-47.1190059307558,-41.7077816422795,-36.5671685722419,-38.2230372732433,-38.9745871525749,-40.1909421636605,-49.8262917542434,-51.334320047055,-37.0507467357576,-40.2467192314428,-35.8977212222561,-55.7781186480581,-44.461723101459,-40.8867902295457,-38.2809837517894,-36.9509200915151,-36.4263891362309,-43.4735217127978,-40.5846326924343,-38.0012353086251,-30.8258117883869,-48.3963404940356,-36.3411898144138,-40.6167391096233,-28.8167569085087,-31.4298429718968,-34.1117972850001,-25.6767308374446,-33.4674721037081,-23.5062449352669,-20.8039989806401,-9.60466347094241,-9.91951467402095,-25.8113755382027,-22.2189315468505,-35.9927275232906,-28.9080727992329,-29.5877593581007,-42.8008226051659,-29.539628258624,-37.4708799548713,-32.871429838086,-43.2415529893079,-31.5711725654242,-33.7148888021852,-34.177270921344,-36.1779187093498,-28.4419309271836,-27.5934937158244,-22.8634022371474,-24.6105458349987,-26.4430176531592,-30.331158902992,-29.8137530430242,-29.2629471820575,-27.834924102472,-27.5864519241384,-28.3906694776595,-28.7302944115942,-26.3980467760316,-27.2060601477082,-27.096126218441,-27.5293122681329,-26.0780599409447,-24.5235281047567,-24.7197025589291,-25.0283409937857,-24.9532246707116,-24.4508079120433,-20.0196090509616,-22.878096973588,-16.799544467962,-18.9541999537488,-12.3705075908406,-12.3770987778909,-0.0603670059499282,2.08400165258745,-4.36352050043325,-14.9409706714944,-16.1603766397185,-17.9021373660707,-20.7379341066544,-22.2086021527905,-23.1199871241466,-29.1123066243121,-25.330695058705,-28.4043258589085,-26.9564664973695,-29.5216283618951,-31.5410964603348,-33.1769259781516,-28.1568324823529,-30.3622218446968,-34.0270984973367,-31.3084115838489,-29.8243799572944,-30.5161519827356,-30.7594637617899,-31.8945096081378,-29.2949547905558
-35.2095575676184,-42.5600850210518,-36.644294361303,-33.9008766739141,-36.2649163811646,-32.6037893609306,-37.6944424489819,-34.2914223034225,-33.1576083991153,-29.5334231542268,-32.6202309707716,-31.6573305912432,-34.3362694645746,-31.2680671950545,-28.9637116723242,-30.6020383596601,-30.1572935737724,-26.3995706084724,-26.9610652034248,-23.5837900208758,-20.5979623703324,-16.2257440867952,-5.70154805015928,-0.898316734827338,-10.1738668267372,-15.2553215646679,-21.3138537403587,-24.1447057026647,-24.0329978777684,-24.4326260726435,-27.5344275455945,-27.5002759952078,-27.2253092359762,-29.4486833929315,-32.064661810813,-31.6935104219818,-31.1042304453252,-31.2543001058829,-33.3888183589002,-32.2352775002602,-30.6983641061281,-35.459545711587,-31.3154918151956,-33.8509294828963,-29.3510095807372,-30.3484417987763,-31.0609911359023,-29.2984969739763,-25.8940718023238,-31.7351552394353,-35.7622165787674,-38.482315416876,-37.1423205003284,-34.5965287540184,-43.4469722258806,-42.058608401869,-41.7566262324221,-41.358778012661,-42.9116336866782,-47.081518053077,-36.3017587268932,-42.9305087535194,-41.8963013439322,-31.7298234730898,-32.9961287937099,-45.2369025976328,-30.4587005677344,-14.2326826366509,-12.7026806927607,-32.6938762936459,-27.0029225883973,-29.4046979272017,-30.5441946797891,-36.2205754004502,-43.3211234476773,-43.6024362552688,-39.9198785459954,-50.9618896566079,-39.5821085909436,-40.715704001377,-56.4555701885863,-39.9992537240457,-44.2151159837645,-54.9351300321649,-44.6934455553125,-44.3667550038682,-43.775588658146,-47.8791514282564,-40.9858061712219,-55.2830588930621,-41.7364321788693,-46.3488950146163,-42.3810339075133,-54.8653595569988,-41.430596580381,-46.743929672169,-45.3511450420629,-40.0565080561447,-47.2210997877978,-43.752715788513,-43.5819803317715,-39.7173165214734,-41.2182038090716,-48.6050200339514,-38.8176974741718,-40.4608411954189,-42.5567617352857,-35.8551844914149,-30.0962115346904,-29.0464458041926,-28.2237181104662,-32.2649076889942,-12.7242966426582,-14.4416937008827,-30.2951949103955,-50.3879426925689,-32.3849717029649,-31.0032095621927,-37.963275617424,-37.5695260275509,-35.7052255685749,-39.9753045984597,-39.0948866993814,-46.2314556057391,-35.1607469433468,-37.9882843250598,-37.209711599531,-38.7804703922214,-38.6103618524787,-38.1263969062515,-34.462365972876,-30.1532499811484,-26.440865870032,-30.7324347037585,-29.7897356931205,-31.257933917252,-32.0889393201507,-32.3004767748751,-31.0555353667197,-32.9783210364734,-30.6543960067608,-33.9425090081159,-31.8173371352906,-33.0843946763359,-31.0738311953634,-31.5296251437904,-29.9554733842078,-31.3544999658693,-27.4763546455483,-28.5983304337673,-27.5441859995532,-24.1775702678321,-23.4954182935102,-24.5980988674742,-21.974120814248,-15.1018454009262,-10.5250861512349,-0.938144157788685,-5.5707933931892,-16.3876129791374,-20.7554548378233,-23.2038241903797,-27.1859656005068,-26.4931002377135,-28.8290720231478,-32.6894197454984,-29.844616070611,-31.766480518699,-33.2746033228518,-33.3537392371161,-34.6920940966031,-40.6925455127906,-34.4103995184752,-35.4305516701937,-33.808543134529,-34.2250985298128,-32.8365416852083,-36.7396641106904,-40.8400685797535,-36.7074442999493,-35.2095575676184
-49.0433016980238,-40.9812262519907,-43.2190730588231,-38.2470864411327,-36.4824278430962,-36.543860082054,-36.3490371711728,-35.0804464138422,-42.8279511072375,-34.5514977561073,-37.8955303373613,-32.267971309174,-34.0944178002382,-35.174592632925,-31.648939504178,-33.8272763224391,-34.776380171857,-30.966987578082,-28.6308531252806,-26.8305946230395,-22.0850720877664,-17.2433337877607,-6.9149804126391,-3.03872590566976,-19.0078069129719,-23.128507194464,-25.108920977413,-26.6129685735139,-26.4387768014468,-27.7802338245315,-29.8429897773602,-29.321569156816,-33.4276069159883,-34.8468701027013,-32.5180559401269,-32.5362159288546,-33.9727354740819,-33.9321767313721,-37.1029432579422,-33.154259820009,-37.4040602277933,-34.1850805642861,-38.0098142109546,-34.5853504163764,-34.0021003531014,-32.9308815779067,-33.2599770213708,-30.9782131234533,-33.7201577906309,-36.8401809476107,-41.7621026173671,-40.3612661751975,-44.7408272121609,-42.9149347393604,-43.5575244993467,-45.8357505020639,-41.8158537635776,-44.8740380897894,-38.0162845355065,-48.0199708486317,-46.7471184090349,-44.0322681665624,-50.1483687677267,-45.4922152506035,-36.5447012344981,-38.6125613254338,-29.2189299302599,-17.9115961610551,-18.0500980718065,-36.2624113800849,-36.7963046302307,-43.9464456674018,-49.2478936794045,-41.2453013533248,-46.9828879968006,-48.0935084710249,-52.1722517631671,-51.4060014489865,-41.4023618188518,-46.980782893169,-47.7659643180702,-46.2403079896731,-50.2614781294756,-41.1639322809348,-47.0818937735595,-47.698740516604,-45.9062075782403,-44.2118140723399,-47.5919852575259,-56.6444128895622,-42.7938080424524,-37.1774876720298,-44.3884008468525,-48.0154444178768,-45.9673716157322,-44.6898389515248,-42.4116884930013,-36.1998679003256,-40.3663210692505,-49.933978702331,-68.8453722464489,-50.6777161144899,-42.8502826008671,-40.2701136246815,-44.5894464660641,-42.9555507518428,-42.4804062546068,-41.951194115024,-51.096910567199,-39.209853606593,-36.8346624270253,-44.9657860498077,-17.8006117666999,-18.0649161416192,-31.4814798150015,-35.7959468013606,-39.7201377120337,-41.4644085196845,-59.7634101422117,-42.9216155279875,-40.1700300540418,-41.0967507753495,-43.7334554350477,-43.7853630575266,-48.0640200305653,-42.7167715010179,-42.6187493738844,-53.4460861190292,-48.7087493399087,-46.9936061749422,-43.5248738672243,-42.3679119821544,-34.0957084121872,-30.2401403084318,-33.3995936704576,-33.7063992952489,-32.7110794751393,-35.3363978271808,-34.955804701408,-33.8050423669651,-34.9570980149891,-35.102315160421,-35.6852854987039,-33.0027177012047,-33.3708789545428,-32.7171142240618,-31.925336508865,-34.1290205483237,-33.9996901164239,-29.5521479384046,-28.590068392421,-27.2205310952721,-26.9495266914691,-26.0335989869979,-25.2949768512595,-23.1870265297643,-18.4215778967661,-2.9779079613505,-6.60746165451399,-17.1299262471927,-22.0929438535998,-25.186950899098,-28.3624252282828,-29.2918734552055,-32.553610983711,-34.8096184941577,-31.9220458006453,-35.0930562393712,-33.2448721043527,-35.784190939259,-36.6636807297688,-38.9502848572988,-36.0464899955105,-39.8836643237616,-34.9531934927602,-38.3746168272162,-37.2134568333534,-37.7853029671107,-41.0546468523908,-39.383821309225,-49.0433016980238
-45.0483396288122,-39.5698506074796,-40.6627577910637,-43.5715058759694,-45.1886052129345,-40.1423970679363,-40.7694028765769,-43.8972828066887,-39.6726853195357,-41.5677315713928,-41.9088420093426,-38.7805417979649,-41.9306199035317,-39.1709501636836,-33.6868207141304,-34.7525156722344,-32.8460656817529,-30.1152423515562,-27.9312950583772,-27.0959874595989,-25.6199681673022,-21.1595191738169,-9.91551816651448,-6.59364671362968,-18.7450745999668,-22.5819445448743,-25.4141194740093,-27.7892052443367,-28.0726281405428,-34.5109425251737,-31.6320536940889,-34.5263428888594,-32.9120426246942,-33.9427976981094,-34.5934189167664,-35.052629399009,-34.7574053639123,-35.1518716553549,-35.8938700343214,-37.3214507743843,-32.6546131275604,-35.9183596611659,-35.1712695201911,-34.3295425652378,-38.171373388438,-31.7530674854742,-29.2182587898715,-32.100504927671,-39.7684460831623,-51.4990464985404,-42.8018014511853,-52.1301840469142,-47.3047762533061,-42.060710889629,-44.007227162475,-46.8816977108906,-42.3265706605119,-43.7589400647994,-49.3875341473913,-52.1022959742318,-50.2890539841723,-43.9694825222422,-45.9328263497362,-38.3561876903324,-41.1360836943522,-35.2596560953595,-30.8238090461547,-21.9221662670515,-21.5013085009448,-27.8954902906499,-32.4858601321184,-37.7339659033926,-50.4338903298696,-47.2554500846111,-40.2752934954581,-41.2524926180687,-48.1373057355257,-46.3934010078971,-49.5309788241615,-42.2838120337148,-40.4279858140565,-46.9480265581576,-52.033578800128,-45.5436126051008,-47.5617323825107,-48.9727904142813,-50.6967532702931,-48.6477177529799,-50.3569362240766,-50.1171164506849,-54.4492815736175,-45.4724768723973,-49.4275649829759,-52.9492402213861,-47.398647659703,-41.6896112263924,-46.732383125697,-47.2014724214414,-48.6103087570546,-44.675189209056,-42.7709450891164,-52.4972689202346,-41.9688043192033,-40.4139698491824,-41.5601020419182,-44.0710377155182,-43.3862071255315,-45.8813517056723,-39.6775709035579,-38.9880808006612,-34.6724204861482,-27.1057428462631,-20.8731092715793,-21.7953512068395,-29.7822049085577,-34.0101910423265,-36.1529023175271,-38.5810692542905,-42.8878071904358,-54.749798231019,-51.821974362119,-51.4970508574351,-58.6199343060719,-44.3759114697613,-46.310751796863,-41.4563446817624,-46.1460433333355,-43.8762531050062,-57.7085687169265,-46.0946103719974,-40.8259869995038,-43.692878657397,-42.6450976904767,-34.0210556634599,-30.8105305064665,-34.9620697716395,-34.801025313795,-35.2110528174443,-36.88570142398,-36.5668147873047,-32.8282268114292,-33.3625690723012,-36.4145080711811,-35.726479575865,-34.5645605627195,-32.4997684847406,-35.2542067544642,-33.0460996803329,-32.929527873356,-32.1216577792018,-31.0027365102939,-30.0413589055924,-28.9765643344705,-26.5024586425325,-25.7503015162309,-22.4563620002004,-18.3173884075131,-6.43981590118064,-9.89723991787514,-20.6879376623906,-24.61326669539,-27.7018661713399,-28.3910130560854,-32.1006684298831,-34.7929938294995,-35.3959716532395,-34.6373773625094,-35.7612575813617,-40.6256107662585,-33.1549727828428,-43.4687543964398,-43.5150771594782,-37.1051082133988,-38.8869076607757,-41.2200421342412,-40.9779185391925,-40.2036204047606,-40.6252083173176,-39.5723775059093,-44.3371612191957,-45.0483396288122
-40.281795214756,-48.4559645613642,-42.90904666482,-41.8306957616677,-40.3448930626663,-41.7845375297995,-42.9951664691356,-37.6019707398041,-39.0333151701733,-37.0286719743075,-38.097755071953,-36.6437642355344,-38.1425882240155,-38.1448071256418,-37.8639570445691,-36.934534662243,-34.4386335844049,-34.2832019142725,-34.6950119064596,-31.1597855077554,-26.2117475684908,-19.9364420588667,-9.06078515761796,-8.4620840984683,-19.5295626909678,-24.274975808933,-28.9240117475746,-32.1905923133413,-32.4896987889376,-31.9797126231542,-35.5336991643801,-33.6895505407424,-36.0049667535626,-34.7989101449826,-36.4783648350556,-36.0097519286003,-35.4915174919685,-36.9550161031284,-37.0867785068278,-37.2648118253869,-37.4818098779055,-36.600230921964,-34.3456567727261,-33.5739754440646,-34.9821681819019,-36.1839991690851,-31.6534308645771,-40.7771092560706,-41.1731937599335,-49.2598686340855,-56.1311498306362,-52.0431183861849,-46.2840448808121,-44.7586573572033,-67.0421147789603,-51.7927331511743,-46.492192266301,-60.8580064482437,-43.859420227979,-50.5512538920717,-55.8625729106314,-53.7373599935084,-48.4746068420596,-54.2838907130451,-45.1383812060199,-40.5711797708811,-35.6511806695538,-24.9374252926288,-25.5769965139366,-34.3438643109203,-37.5497154993101,-45.0293265804178,-61.1626284449437,-42.0399136192715,-54.0780057053788,-54.8209866722138,-57.5985849858314,-46.2174264866456,-51.4377552995286,-53.9626806857269,-45.1639581217058,-43.0147809290744,-52.6444172634655,-49.609286477816,-55.7755379204484,-43.2009828862636,-54.5118680476571,-45.9242396285803,-54.5288957168059,-50.4460811916554,-54.1261480987101,-53.1904803165424,-47.0946191136737,-52.1398765610144,-48.5530907554729,-52.2834001147484,-52.262471487071,-53.3614513612075,-47.5866068585957,-53.5106994409221,-50.7733778296467,-45.0939606423506,-48.032707292142,-43.756656192724,-38.8818782452367,-46.7976065104339,-47.8313056109575,-49.5216454143305,-46.4145899924731,-44.0859519704124,-37.7788801024264,-34.4966705905243,-24.8283976452659,-25.3074906084874,-33.90326386057,-39.232111014222,-47.3959856681221,-53.9260556381606,-43.5918813003291,-47.9304601470125,-45.8179360515609,-46.4722070877639,-52.6801648991252,-46.0148683253992,-51.5305808761771,-47.1823426865947,-54.5296617723768,-47.6203781274844,-48.702902439564,-43.7556432792196,-42.902020480788,-48.9937976830761,-50.1547532528817,-50.3330300051454,-33.847793428744,-38.2293001717891,-32.8320036422816,-34.6217997355804,-40.9848862059977,-37.9507081404984,-37.9162952911504,-36.2186356063927,-36.8856100635855,-36.7346975597128,-38.2529080547207,-35.7251746192013,-36.9379712264518,-38.3353587539432,-34.1148050836715,-35.8698986836652,-34.1667029765821,-35.7592654897034,-36.0349595559083,-31.7334193225865,-28.2222919323262,-24.3782610587107,-19.1215288748521,-8.25626867061833,-9.06400061963118,-19.8481587537089,-26.004832192836,-29.9122565861021,-33.8341059989826,-33.4044606238628,-34.557553976855,-37.5326171055361,-36.8274617571599,-35.798175018404,-39.2958742753065,-39.3630252739851,-37.3354614023114,-41.0851907264923,-39.9549342561148,-46.9474593341215,-39.1448211193634,-47.6072719564123,-42.7446247408338,-62.3434571079777,-45.4339078316966,-43.2828291554884,-40.281795214756
-41.1782893408834,-46.3482778160434,-42.9643108193087,-44.5339291724247,-42.1723811344128,-42.528703253135,-42.6292461110164,-40.359600893249,-42.9138619622918,-44.356875563867,-39.9820217101985,-38.7512175015798,-36.5330338746066,-36.1700893365539,-37.1587536692242,-35.6802171956485,-34.2936536695339,-34.4679162887466,-34.2055032346204,-32.9521997830436,-27.5254502796266,-21.402675784667,-9.6026613935694,-9.82270532278137,-20.883587889605,-26.9481391976431,-30.3386374829543,-33.2709968892944,-33.45208667295,-33.6178518191323,-34.1151028208341,-36.0772675134618,-37.013643357156,-36.5292500114308,-37.3015542671986,-36.2908595015069,-37.9969843498424,-38.0266905038786,-38.4966399758026,-40.4884408109719,-37.8550974374595,-43.2050485137735,-40.0293052224075,-35.6305574866903,-35.0872891628258,-27.4538769844478,-37.8147473106064,-37.6858790207652,-46.3122882878894,-46.5259684371956,-45.5665764824775,-56.0308234742231,-46.4023100939055,-50.8796455264889,-43.1077443651345,-47.0449595506743,-55.3687023061754,-55.0635066454972,-46.3298591216047,-57.9466844099102,-64.9645854316024,-46.5916155490497,-68.8074210115377,-56.2778354078643,-54.6976923612116,-51.5642802063252,-44.6694165850735,-31.0954244508019,-29.1286044501297,-41.9368248562106,-48.8573575278284,-54.2613132254797,-55.5425969906056,-48.6792623568115,-45.0767412958696,-47.2205959943099,-51.7016304775169,-62.8667067322539,-51.5900506792984,-49.5251011653379,-61.562775744679,-63.9319332123763,-54.8652184387644,-49.2419874829747,-60.1804023216486,-47.9679089098612,-55.858276240806,-53.4305745810431,-47.1710339771568,-53.4027088174958,-48.4261710049738,-52.1243718224128,-75.1243898220343,-53.511256926858,-62.7465273008377,-51.1167300178517,-58.341999327527,-52.7416870248408,-52.2732423430887,-48.4103013241052,-58.1070297129051,-48.3405456330512,-54.9910443763679,-64.4965590396378,-47.7104559440769,-49.0499358846193,-50.9693788290174,-50.0666780100861,-58.5176969890185,-46.7055327223082,-54.6159458219968,-43.0155133866691,-30.0385336826462,-30.0986943219142,-41.9581600036322,-60.9164615767377,-53.954923721501,-54.1077577083024,-47.7684979091872,-43.5710168231551,-54.1965468558037,-47.9191924393174,-49.939926555059,-46.8462156015617,-48.1195824915016,-59.4711204313907,-45.0672017655888,-45.2797317490966,-43.8589213226745,-51.0140557512258,-42.9679682941373,-40.9708241959866,-56.8556117261813,-37.7648688974962,-38.4455642130311,-26.7591233980779,-35.7788853074563,-34.519475388478,-36.634331469383,-38.9418674418595,-39.378191190937,-38.1593368126924,-38.6717172996629,-38.5812689946743,-42.3384496231506,-41.6954880560346,-38.6539220249722,-37.4537227915001,-38.8350116436481,-36.5331034800962,-33.7209084458782,-32.9956965755566,-32.6874355306521,-32.7510408853725,-30.9447767159677,-26.7511951566986,-20.847208947458,-9.74024682459147,-9.52180888427693,-22.2736010324185,-27.831424158419,-32.9578207833717,-34.285434147597,-34.9360876995916,-36.9544677094557,-36.7720611029865,-36.755382637915,-38.8072824033969,-39.2124805604332,-42.3944602018177,-39.3852591878357,-40.4897680008856,-42.6650507298647,-42.711057534359,-45.4887362985553,-44.1298514474399,-41.5488409511453,-44.5456677512451,-51.2203691434339,-41.2687931333425,-41.1782893408834
-45.3232342466162,-42.6518299826911,-41.626212678767,-42.7320308420541,-44.5760846396781,-43.6482818065065,-45.0541176228248,-41.5524982708125,-40.9708511881146,-42.0135521126001,-41.0703234480914,-41.1501408884599,-41.3479716480781,-42.0531811926608,-37.5284961058327,-36.3356284541118,-34.5420085036876,-33.5973724369583,-32.6157170818163,-31.7101639877931,-29.3769521020587,-21.890978136626,-9.47175545074047,-10.1610392495963,-21.1281153440895,-27.740704527656,-31.1445845745343,-31.3876334569845,-32.5198780305457,-33.2205477883298,-35.3565627358852,-37.8901748085258,-39.5923930923509,-39.6501115222648,-40.7220354295776,-37.1952013828656,-38.7601475060955,-37.6312012367183,-39.838970023378,-39.8470173183412,-38.705764296294,-40.1577895985369,-37.9035139547263,-36.0029936675357,-41.1824258749521,-23.4928543328747,-36.1524848210003,-39.1587571185555,-42.0508552263538,-42.4850681522441,-38.4017233581812,-42.6724672894102,-43.251212594111,-46.2508844398945,-48.825328341716,-49.2343577447648,-47.5324162684076,-52.6145851720106,-56.5606006742543,-57.3445347260787,-55.5877637344442,-54.1713083320971,-50.8293736034827,-49.6305103358915,-59.878098785616,-52.868629940745,-44.6321338870384,-30.8602687010046,-28.6108193633665,-41.3686100650803,-50.773845059485,-58.7612056025071,-48.5797355536241,-50.4817273793702,-55.2771456425159,-51.3338149346515,-58.2892816657698,-55.3719373606296,-90.3571494079608,-56.4874212975372,-53.6996394869534,-53.0513629038749,-47.4638103809087,-53.8705782364104,-58.5743484831397,-50.8630830751171,-53.59280943494,-53.9393502929904,-64.8668178220129,-63.9675819406913,-55.5455987828673,-59.7211154117932,-67.0781625834645,-52.8877131919373,-56.3804507950116,-61.7445428350327,-47.9219696684091,-49.5694751039097,-52.9306740909773,-83.5079318807118,-51.1598216392894,-65.6211304333849,-55.348540409537,-51.0035983637522,-51.2101723745325,-57.2548918829033,-48.4515577527487,-46.0346106888193,-47.9000746860473,-53.063017243521,-44.9531663565189,-37.7096206665049,-30.2547211043619,-31.0193909888813,-42.7659011203105,-55.3302581282325,-55.7782760318291,-46.549668019998,-49.5222404425501,-51.3039220154245,-53.9601774346655,-59.0083338413554,-47.2042936715545,-46.7364612850664,-45.0088706914929,-49.7531285792527,-63.4248069379872,-46.1437072699029,-43.8608262243484,-47.1946401470956,-41.9820000226572,-44.9755014351329,-45.1283057925668,-39.039236078667,-35.2588398018163,-23.7812372908818,-43.8743792618172,-35.3552321810215,-37.6279802559764,-40.0669400258669,-40.1244693995374,-41.4602510249156,-39.891507996212,-37.5948512662136,-37.8249314746712,-37.5853865436647,-38.1312339540682,-39.7403961590989,-39.1559478592586,-37.1342517881023,-35.0008221388642,-33.2051750447556,-32.7648591376218,-31.8455194423118,-30.774081651731,-27.3761928564315,-21.2913192533038,-10.1743983670122,-9.56135295624466,-22.910113122437,-28.3127271252845,-31.999178463318,-31.9899881958658,-33.5812853200283,-35.7452738815394,-36.6717947497254,-38.7143174126513,-41.8110994088464,-42.2621675151633,-41.3057218282513,-43.1784102707147,-41.7722406132355,-43.8385674467157,-40.3691747840651,-43.0418440271255,-42.808428887819,-43.6898912563841,-41.7890814913123,-42.9872829811317,-42.3173571964456,-45.3232342466162
-44.9047097781809,-43.1690186817012,-55.8533331321235,-46.7347184422559,-41.3404083347871,-42.6541736463476,-43.8033585030106,-40.0909035089311,-41.624502338884,-41.7063283963547,-41.1888860901108,-41.3130745532328,-39.8024600103096,-38.6519274470687,-36.2891693924412,-34.3481424777377,-34.452927967818,-34.2444057750135,-34.7170987822693,-32.4761029741435,-27.8159095496692,-21.488231047257,-9.59320274646267,-9.72351637911089,-20.6878673242656,-26.1348551338352,-30.7773431566639,-33.0474015780562,-33.3860754344809,-33.641722221742,-33.8676156523051,-34.6002944482988,-35.7861116682249,-37.7291967726657,-40.4006364591436,-39.4204479389931,-41.5365190477544,-38.1849813441145,-37.3682239071083,-40.8688721482528,-39.0279648848191,-40.4858028810955,-36.4937859717094,-33.4233871761944,-33.8716801483751,-27.0373606785473,-39.4453775719466,-37.8196885196635,-50.4862535168872,-41.5955455186697,-56.0537758427734,-51.904335434016,-41.8989108233075,-43.7524400163378,-46.0102953605909,-64.847322338383,-48.2369705191414,-47.8890432396564,-51.0965620733411,-53.580481964517,-53.6868239107628,-50.2914569237421,-44.8338177420847,-54.496175250148,-54.7859880076353,-47.6696601454209,-41.9744020353486,-30.1617820520752,-29.1198036340545,-43.0905897326662,-46.5746400335447,-54.3085671079,-43.5176302548556,-45.8707476135446,-48.869058133669,-62.0841030708526,-47.019447291066,-51.423087637086,-56.9472238485007,-52.0652749912372,-51.231023375678,-58.743315394415,-56.4006849385891,-47.890119874981,-57.5613750473601,-54.3831286980695,-52.7642629509417,-44.9191109017952,-49.0812316224992,-63.0233877623791,-48.8766638999799,-55.2827086803852,-60.2850105363196,-59.2880953270837,-68.3330588262131,-54.4625928570647,-47.265489693,-50.1696169331956,-49.8256109111913,-59.2992145249905,-47.3195547803292,-55.754843927789,-59.7578804786314,-56.8134076206017,-46.0479100370347,-44.9306157711466,-50.6093365463656,-47.4699653237243,-60.1280741154538,-51.1920283084512,-55.6972881825545,-37.7332148079372,-29.1364347358166,-29.9340081366244,-43.4531561562486,-60.8704837568941,-60.1156690781049,-54.1524467163702,-47.4051826086519,-47.3182176457094,-51.1775250666543,-50.1441378685744,-46.374729705659,-48.0600204121671,-43.9550974087638,-49.1744346282974,-47.1240939082666,-52.2496107124712,-42.6477829611195,-48.7639699305511,-48.7897739817135,-45.5259060686915,-48.5426011773552,-37.4423718123294,-37.1833936589742,-27.1054195379989,-34.4199142338458,-35.3001368144555,-39.4381242707068,-38.1658050572751,-39.4656463908463,-39.0959053895907,-40.9832561662143,-37.8525446182489,-38.248186503062,-38.8771274218041,-36.0577102340078,-37.9742041512274,-37.7731443850107,-35.4951847478347,-35.3537174880032,-34.6399904633485,-32.9122488907017,-32.7416826024016,-31.5296153440398,-27.1919135855628,-20.5118623076919,-9.73825724524454,-9.85428158755794,-21.658386144492,-27.9851781768641,-32.4324643493611,-33.6634421677582,-34.531049330141,-35.6225948960442,-36.3541617408705,-38.4867696898643,-39.3522770039319,-37.7174277249446,-42.1049205707855,-40.6331602361389,-46.0568242638793,-42.7567177422657,-44.9403842717436,-46.3196239064438,-44.7006894818198,-41.9062763981613,-50.0851811594749,-49.2922067851564,-43.4411758408728,-44.9047097781809
-37.7071896639046,-42.5389793270592,-53.837307547875,-44.8419955371233,-37.3683689555459,-40.174499116513,-49.0661266242502,-41.1923077988088,-40.7215098748727,-37.0897832834979,-40.0187250803816,-35.2304496900873,-36.9677895272361,-37.0169790656046,-40.1111954302242,-38.1993058445925,-36.0530655286959,-36.4363798397928,-32.2035816550638,-29.6555215396959,-25.4148271483762,-19.6241663921093,-9.15822215774302,-8.29098167250541,-19.1351676257607,-24.4920589174952,-28.9186250932441,-29.3487762215127,-32.2037868611872,-34.9918050129456,-34.4429269874368,-36.4124341126531,-36.621933767694,-35.8890221167526,-35.9736685065931,-38.2872731015444,-42.2042250224953,-36.7085517964788,-35.4513376753139,-37.5805412818672,-38.9420259226118,-40.7259869099101,-34.7565779172257,-32.5665392679048,-34.9210724345571,-37.4711825827471,-31.6128376301419,-41.3330081538103,-41.4898857687294,-48.8603106348639,-49.5409156167673,-45.2813300776969,-57.6662030505602,-43.5815775103797,-56.7917809527004,-52.3359465234204,-48.8603949437043,-50.7669173196961,-48.3942446556454,-48.1762364801084,-42.3976981177967,-45.2416863363093,-40.8493368426759,-48.6254200580756,-44.1129521238111,-38.7555248025434,-35.6105624725303,-25.0330567170185,-25.4408204631608,-33.8878659237703,-37.7908158246141,-40.655865185941,-45.7125865651641,-46.5797682431011,-51.879571121679,-48.9086456920559,-47.8133622210405,-56.9309321216575,-47.1136613153816,-45.7882997586674,-46.3563822224613,-44.5698877713805,-53.9221092316913,-45.4858024768933,-58.8307554959603,-49.5272267585765,-52.5874603795597,-50.8305771860691,-47.2885396462387,-59.3573715000684,-52.7741212956698,-49.8066780394566,-47.5500227932559,-48.0129793771041,-50.6448820947334,-49.5964072433192,-51.4171530125556,-44.7492020300076,-46.7699120449506,-52.4203539947835,-46.8174676480314,-48.4832962075414,-49.5414081527943,-45.0436793344478,-46.2690181624586,-44.0464696961792,-43.3625077830302,-45.4903616882253,-43.0044421074095,-48.1568804543923,-40.270128599513,-33.0864470512239,-25.3853424650372,-24.9143889840996,-38.1241707440516,-42.8917179683881,-53.524000779749,-47.7238410338546,-48.9552659661472,-46.6363308997924,-60.0047631807435,-44.8136963762618,-56.9566691305793,-49.9326599712172,-49.9345146252195,-48.985889790457,-45.7248254032194,-45.202271167123,-46.3771142319149,-46.1888123710823,-50.1756637416096,-38.456521909452,-42.4963431208324,-43.5956836833365,-31.2306097536441,-35.2187296938701,-33.563396867005,-34.0697868169639,-39.8940362462683,-34.4389253437632,-35.8638012107091,-37.6155186980199,-36.6819940285567,-35.5347056912605,-34.5217218791139,-33.4118796727619,-34.0420122227773,-36.3034042692123,-33.3658247725087,-34.4968967603622,-34.828378583235,-32.7689761365554,-34.3742005641933,-31.9138304816834,-27.9498978396209,-24.5175833031434,-19.9260909434793,-8.28730380355509,-9.39571246612586,-19.7973875696584,-25.8300265469723,-30.4445983298438,-31.0728834733694,-32.4879501570499,-33.3619208780275,-39.8763395740044,-37.0274774275604,-36.8879351003647,-39.8518817105259,-39.5372405340404,-39.0092939889038,-44.861243894185,-40.7723122714865,-40.4364597806459,-41.713921851607,-38.2288213408603,-40.0411446006721,-42.6423477497708,-41.8963576931671,-44.7806483686483,-37.7071896639046
-41.3500340402741,-44.7704261839559,-39.812763862202,-39.2733189210269,-52.6997844831087,-42.5028976387073,-46.0868207021486,-40.7602071650467,-43.5120638496048,-39.5320715413572,-40.9811240828914,-37.6053865872724,-38.640613742789,-38.6456463998595,-32.8017715395398,-33.4358310798541,-35.8618833009261,-31.1470164909862,-29.240262877066,-26.9912975570991,-24.7168980980181,-19.9699127418021,-9.72363809648467,-6.37732891054113,-18.3891055319742,-21.9827203219166,-24.9430153066129,-26.089761343246,-30.456012529765,-31.7828818662539,-31.7875748866784,-32.3108625988193,-31.4535139355387,-32.368940118748,-33.9001370903913,-32.343512518134,-34.2576741121974,-35.3109351579907,-36.7472450580571,-35.3383534161464,-34.3228227056215,-34.2151877702062,-35.7625645210037,-33.6523011670948,-34.7546132405034,-30.3894942488452,-30.6150364320674,-32.9781609929968,-42.7549911198479,-56.5521417335665,-40.2477830891912,-50.0661611879927,-47.6417215987514,-41.7958903552664,-50.7772609451425,-49.9137936815672,-41.4913111912084,-49.607514853341,-44.3737077304147,-46.5727429392705,-41.0901273152461,-53.4274917983233,-42.4802785768597,-39.0156183003946,-35.6914522755093,-37.7346143536849,-30.5935323253937,-22.2830243023949,-21.7470976069742,-28.1907008963566,-37.2203742296201,-38.9565081292795,-38.4046026537195,-46.5160784890098,-46.2179651630865,-39.9542977806248,-44.3437282505201,-52.1916686841612,-40.451514650207,-49.6418112960138,-45.4970072578537,-53.7132153836017,-49.2158072919516,-43.4948113118958,-55.1727625320672,-51.9084947014458,-45.679209835972,-41.3063401790756,-50.2879771514319,-47.776573075145,-56.5992474005383,-46.8016133527332,-46.9786481156515,-48.8247959635657,-42.7421140577925,-53.0852269054412,-47.0965748462338,-54.1879736016355,-48.8060062340858,-43.1296963877735,-38.9545860779175,-43.7484007220037,-40.2245307329652,-43.6624650970361,-42.2479803991152,-43.1740114270848,-42.4946862526645,-40.6239931207714,-41.9264578884082,-39.151929850653,-34.1266606297268,-28.7566346839191,-21.2568760082106,-21.3394432181446,-29.9893206156905,-34.5022616869124,-36.2828045866342,-38.5126888319016,-46.0258342424117,-37.4307601388688,-41.4996893941241,-48.2123853977929,-47.3093430322023,-50.7841104429426,-48.3407603295531,-45.0246153104673,-50.0340136447658,-44.0252247981758,-58.4874191705515,-48.7853269197236,-44.5924819697912,-38.9427146890511,-43.0771654844822,-33.4124500683447,-30.3359351364294,-32.7543909670498,-35.421325634655,-36.5427246228589,-33.6290243823754,-35.7219759878815,-35.2534048172709,-33.7901069001532,-38.9141518899103,-34.3834645284184,-36.4620089645874,-35.6337755368878,-34.212965426267,-33.4141548218118,-32.4311878999417,-31.8586576345679,-29.5485738326261,-31.894711487268,-28.9186309936473,-27.4797285336737,-25.5815924078415,-22.3317436042282,-18.2967708066755,-6.3541326021146,-9.82930251666047,-20.4473409781469,-24.7005629676437,-26.7180518951488,-28.0576370812046,-31.1994452645785,-36.0009818184852,-39.5878517244247,-34.436799036668,-35.3982739130771,-39.3545901052211,-34.7975653967215,-39.4744913540311,-36.1317725903021,-42.6343478047706,-40.062136908715,-42.3566298247467,-40.6897808047631,-40.187363530906,-41.1494560120349,-39.1549985280395,-47.6399587469366,-41.3500340402741
-39.7451451573103,-36.7911369784475,-37.9269350090967,-34.7402996716029,-40.3690805636501,-37.8920474578287,-35.0499109521005,-32.8038941438842,-45.0820718878119,-34.7956868495917,-39.0416762377941,-34.0688289018857,-34.0318882626987,-34.2291163203825,-30.9457301035005,-32.6077997649303,-33.2961380558611,-29.8398960684375,-29.024286415959,-26.478853820758,-22.4248726608731,-16.8343142695822,-6.52705223687519,-2.93457978102265,-18.3401300968196,-23.2371018831637,-24.691776578046,-25.8809755595588,-27.039823050718,-27.1598291505539,-28.7975030976969,-30.7398528846421,-31.875483069288,-34.2117309272042,-32.1327909570495,-31.5969578519266,-33.3217357407666,-35.5545512207013,-36.3159792308779,-34.8491845208084,-33.0429404466034,-35.0295652698122,-35.1604865976705,-34.1096514871096,-33.2423476523135,-34.6534966482988,-35.1909870678532,-31.1118453279953,-34.7520212317387,-37.2867625084939,-40.8527262536996,-45.2212106548671,-38.6118421219353,-47.8319620136831,-43.3560700066816,-45.3677746037762,-45.9252652055781,-39.0974840547172,-38.379539162714,-47.3243565216068,-40.4207435459275,-44.289707242466,-49.0928561166891,-45.3734825752274,-35.9913710867831,-35.7878517478105,-29.8623286855144,-18.0206553302491,-17.9195793848686,-43.3054347885964,-35.3970694100874,-44.253385688157,-45.1423227233091,-47.7141249493344,-47.8212866244851,-42.4419086890795,-50.441047374257,-41.2070513132213,-42.6816582957404,-42.226391739047,-53.9371774501161,-62.3030519046433,-42.2208613414789,-44.4360245071151,-49.4979554844299,-38.9347244829613,-41.9554948134001,-43.6346785757256,-48.4262066222548,-46.3469714974929,-49.9435898294549,-43.2899666521729,-39.6535209447951,-46.2745691098183,-44.8301262316432,-41.2284261838703,-43.035947240874,-37.9438720752254,-41.1834547191541,-51.2537172920941,-48.2418250339926,-59.5844636756146,-39.1774097241422,-43.6518951836111,-47.8665568950487,-59.0210633720783,-40.5609165469509,-42.0903727922054,-43.2222928746032,-42.9095961321925,-36.3824259212884,-43.8989412899833,-17.5651598494747,-18.2002644123233,-28.9708022187739,-34.2897295960803,-40.0322642125358,-43.4746937815067,-42.7794891649,-46.2324254680192,-43.2352585811383,-45.1772997326667,-40.6090485737121,-40.3707503098565,-50.2802335176942,-46.006069981953,-41.4273718934054,-52.7055226769769,-50.4492492327767,-41.3996873745228,-46.1832446056339,-40.7641300517863,-34.1418793128759,-31.7951647640478,-35.1295070511468,-35.0261051599072,-33.9559347154555,-33.2402470367703,-35.0362354125909,-36.4286196664593,-32.8064637170976,-33.3384743240169,-36.080484166013,-35.2227263114552,-31.698382418202,-31.3468300571413,-31.0498329645162,-34.7685857862592,-34.4109899163033,-30.0324873177883,-29.2374239944804,-28.2865425938331,-26.2858120111272,-26.053365108032,-24.5146400260193,-22.96096468274,-18.6118353062646,-3.01957582757326,-6.76876188778983,-17.0598107050152,-21.6199162029191,-26.4882300799138,-28.0519091246877,-30.3659246851819,-32.9539060590758,-33.8386743044868,-32.7863700302724,-36.0297246345116,-32.2903154740025,-41.5609823355877,-38.8089503735653,-36.6902735763744,-39.8871386263304,-38.0515909410301,-35.067971531875,-35.8959044465932,-38.0128807046771,-38.3751700905167,-43.7608431947863,-39.9453681916906,-39.7451451573103
-36.1787135712059,-37.7318016600977,-37.7906350527759,-33.4930165978626,-33.2185361922973,-34.9666902888361,-37.2517227443828,-35.7304344536822,-35.7619082176589,-40.6384928122999,-36.5413517946332,-33.346451150594,-32.748069541466,-32.4277036408699,-28.704010913229,-32.757380976432,-28.5190804967311,-26.8547396868812,-26.9027960791069,-22.8569977605022,-20.5928075597123,-15.986558395114,-5.64323658339433,-0.862781932468853,-10.174067522959,-15.1162050396698,-21.6518813932192,-24.1589790662848,-24.1525430866058,-23.904530621945,-27.4135613861535,-27.9815850359951,-27.6539761133188,-30.4014679730913,-33.1831147012727,-30.6955694270386,-32.7205542851311,-34.0383098933594,-30.5444646575664,-33.0365832626864,-32.0391423407839,-32.0341858311374,-29.3135178264642,-32.5643495035581,-32.4722863834025,-32.1589766680745,-29.3747415610689,-28.5546877843948,-25.2565848735919,-31.7750090929005,-31.3966223769499,-44.450346417033,-40.5207701427662,-41.2210798269868,-40.3476926825775,-35.8681512298477,-37.9055909992318,-43.6495832109492,-37.6975146434682,-38.5170563062376,-35.486567650168,-42.1496626630487,-37.018466604777,-31.6900306349817,-34.7638193414823,-36.7844928983939,-31.6947154655901,-13.9914015414772,-13.0507359652787,-31.1277306779585,-28.8600758669391,-29.1179534105094,-31.2440914091925,-37.5363722022099,-47.29044401486,-42.7636202060646,-44.3309955336545,-48.935640179843,-48.353413000123,-39.2671291810242,-47.1318841942612,-44.8131861385238,-52.9373314022622,-45.4528193371203,-45.1140577930833,-42.236069379319,-37.8888346896049,-43.7580595726273,-37.5902968749273,-49.0772374147576,-37.0734182335684,-47.2672859340459,-43.4221939418273,-47.0602392170809,-43.4680531097105,-45.2345888567383,-44.6573775378155,-62.2056499105693,-44.9858171788228,-46.8165880691947,-51.3001972324472,-40.8509435898716,-46.770429879081,-45.5985934965354,-44.9716446916993,-42.8856133381619,-46.0758351494053,-36.3401186212407,-31.1747475149778,-29.4181832031887,-29.017498908829,-32.033734462249,-13.0398012931889,-14.4070836742663,-29.3868610298583,-39.2021440191842,-32.3093151295311,-30.0977065988139,-35.3378003203973,-44.7587248094167,-38.5080475697378,-37.593782661743,-42.3938142074219,-46.0023564998462,-41.8319375903567,-54.1430978014118,-46.9607114011474,-34.1619515786031,-34.2991816111691,-37.0123563123493,-34.5579562568907,-30.0586755427653,-26.1460837430218,-30.1161544591061,-30.5271346226848,-30.9973472010441,-31.7573964062377,-32.2076208522355,-33.562662721148,-30.2879986396346,-33.3169806536688,-33.9617156975144,-31.1806517603325,-34.401106280854,-30.1845036709533,-30.5275273576738,-32.5602069937733,-30.9815054217665,-26.2275061285575,-28.4841331317811,-26.7961819808141,-24.543205377906,-23.8683077441286,-24.5211984679644,-21.8621250826635,-15.2437006374313,-10.2971219060064,-0.927909065649469,-5.74179834483692,-16.192143629807,-21.0679321425169,-23.3455148497885,-27.7389446362636,-26.0961459207058,-28.361993828905,-30.3893098025299,-28.854573286595,-31.4474896597963,-33.8631851655894,-33.0735493667935,-31.4445481364732,-32.0754327363651,-33.9198314089013,-35.5930772408387,-35.372203352699,-31.537496515755,-39.2595433239547,-35.192679220944,-35.914489627222,-34.7375492802303,-36.1787135712059
-29.5883993174132,-31.9298384822815,-31.3278276137811,-30.390503553837,-30.7132196991952,-33.6862583324415,-33.2699442529806,-30.9270761292618,-28.6693524606029,-34.492045464714,-31.0627155735226,-29.3882517467641,-28.3577741365699,-27.9599714918988,-24.9980390806147,-30.804845448155,-23.3721800983456,-22.9843466954856,-20.8761422575409,-17.9677902833211,-15.8070309761262,-14.7967955021473,-4.20104347033272,2.14068376005867,-0.0587701204989926,-12.5748479187675,-12.5652906933686,-18.935508224308,-16.9069664874808,-22.3078929106863,-20.064102749409,-24.0396782605129,-24.5255069530135,-26.2358046869044,-24.8160900057929,-25.0505722294345,-25.1312508635386,-27.4142118874378,-26.609062904108,-27.4158941967769,-25.3126044778996,-27.3909510832226,-28.6525562829804,-27.8284960286466,-28.2963203456979,-29.3185732731285,-28.4444820866026,-29.6128965858598,-26.9972699739518,-23.9128526011283,-22.7134661633435,-27.58658247581,-29.4200721247055,-33.594268729423,-36.8281174847082,-32.5066223785374,-32.3875568214058,-46.3942653182237,-33.7215510798423,-37.6270260426723,-29.9436486729361,-41.2545601028584,-28.8413453175388,-29.540523121364,-36.1774235596524,-21.987401643276,-25.2287721755441,-9.81404499299237,-9.72693234831114,-21.1864906989095,-23.7581460444403,-33.4154333766737,-25.8723928497497,-33.5312286814067,-29.9706133760284,-29.5045408869924,-40.7359889219427,-38.4732447242249,-42.4215689403477,-33.3051011200156,-36.8042291977319,-49.4195653282893,-50.4360058646906,-37.9199413782615,-36.1562608191436,-38.859040545481,-39.6063196918811,-47.3406151987086,-47.3599050957171,-38.0751014051359,-43.5203584756801,-36.3098600535688,-49.2362807281095,-42.4382134735396,-40.998409135653,-47.3880943274327,-38.0630925767936,-34.3428120974904,-44.0708552134428,-41.6235390440995,-36.1649290881096,-30.8778314194594,-44.1500274341379,-36.359426707983,-45.4237899082499,-28.7996142247748,-30.8386590053023,-32.5984032943428,-26.6516641507636,-33.4405570833914,-23.9956712482583,-20.206996498659,-9.40911340151855,-9.84961775374737,-25.8940733605935,-22.475715322575,-36.570114238187,-30.1645167104838,-29.5107683784499,-34.8469856862826,-29.0426357596078,-48.257790742219,-31.7452158534743,-36.7929273997195,-33.9766645208303,-36.4820334872838,-32.0520324104875,-29.7672726104486,-30.0465507809258,-28.4382357326691,-23.8840742913815,-22.6679547411603,-25.4334680636969,-29.8185384116764,-27.9461793901562,-26.1077647330219,-25.9628955872028,-26.2669256198375,-29.8446518017435,-29.4915793498876,-26.4418994594243,-27.2596130318485,-25.1365635333693,-28.4068218793107,-26.0946608074493,-25.4682368612357,-25.3312436386118,-25.9076584578887,-24.6101770880966,-24.1098307660101,-20.1265750735129,-22.5194741996579,-16.9528169624099,-18.7941801360811,-12.5422399478914,-12.3570205102255,-0.0630656535448108,2.08035713861466,-4.40842214736559,-15.021242412033,-16.2408353643764,-18.1451543155647,-20.6548496457525,-22.6263660270529,-23.0465235019599,-28.680535451201,-24.2422981124246,-27.3704536243733,-25.5456783591093,-26.8841301199536,-27.1539831856355,-29.1476883862554,-28.3073362584748,-29.3156948219302,-27.6387036903329,-28.1659959929729,-32.9487767166714,-32.2874913029795,-29.6420399103638,-33.7029359164019,-29.5883993174132
-24.9259978513063,-21.7478555216601,-21.0089088447742,-23.2192937688599,-23.3793764863789,-22.1626055888364,-22.6968324697864,-22.8209195541493,-24.670890649708,-25.4814524413386,-20.9517385742499,-19.9857422608965,-20.0484710022254,-20.433704458374,-22.5030127914809,-18.0847633172477,-17.0415821565973,-18.6537182517801,-13.614164861913,-12.7828170276197,-11.5504256573864,-8.11539807743201,-3.77039918589275,1.59647219559523,4.58265580756271,4.68026210301122,1.35358120787087,-7.80431346521501,-9.33825738087106,-8.7862387265359,-15.6513878027172,-13.2753365862853,-14.4298249290876,-18.5725430374296,-17.6835071759416,-16.5964828220552,-21.2564789311547,-18.7901199974672,-17.5847358194849,-18.5335043792005,-22.3196808479363,-21.4376629800985,-19.6198583711458,-19.4431306971919,-19.9787911651427,-20.7756086856641,-21.4552291585967,-20.8203861592687,-20.9318693378447,-21.5701028610365,-19.1804424994005,-16.4003740362112,-14.8656604276027,-15.3875420874143,-18.4188549793728,-21.2756364252906,-19.876855815162,-25.1631696748124,-24.2991265284511,-21.5934391852797,-28.9134307270321,-19.1420271405128,-20.5810009597718,-22.0807546855359,-14.6612939614879,-26.5223267430805,-8.58429155292181,-2.53289383403897,-2.23349228479767,-7.42210942985483,-26.1665889243863,-13.7441830653618,-20.307390075796,-22.2321211093441,-22.2243697707447,-34.9220029440782,-26.3428585261566,-28.017976881172,-46.4166499340785,-24.7787361111114,-32.1116148307742,-27.4657874013803,-33.2680377758887,-35.2495755825859,-30.7276486401675,-27.7514183486787,-36.5096568398333,-36.8123957936057,-27.8043255700086,-34.508619076734,-31.2180806714078,-32.5966512084881,-28.0814729324262,-35.7358120368196,-39.3496529571216,-26.6420228809225,-31.1514224548623,-33.9323722351095,-32.9673215653179,-27.4005681061139,-32.3460561964987,-24.1399071099229,-41.1454026673058,-27.908821063848,-25.9431811740949,-37.175224547607,-21.7766718664236,-22.2006792135847,-20.1356227645382,-13.410856021703,-25.7838919245307,-7.6188762735105,-2.26398109297455,-2.52689498981373,-8.4637684829574,-27.0882475482819,-14.5766373929379,-21.9161897690675,-20.3274541973808,-19.0614601029891,-28.4998488197224,-21.5908278602994,-24.7127266676856,-25.3150540998704,-19.5880832275841,-20.477397326883,-18.2545140381004,-14.8335701522399,-15.0639831740798,-16.6740634708084,-18.8983021008394,-21.3925029450394,-21.139441063115,-21.7650041595313,-22.4140901697895,-21.9644170350821,-21.6418640869732,-20.7338030508716,-21.1048890648731,-22.0656125220695,-22.9712932835521,-19.001611756542,-17.799927515289,-18.9254505872885,-21.1121120512671,-16.6083476532442,-17.4939469026642,-18.7018313265596,-14.4497682877233,-13.3053662854799,-15.6902311654414,-8.82962307023902,-9.23568989773889,-7.71880255053786,1.36738457651601,4.70275287620535,4.60364915673892,1.60987331137644,-3.73277821880904,-8.07842234301766,-11.6018300274149,-12.6926864935408,-13.5261511849299,-18.3709490412048,-17.0130968897535,-18.350038784069,-22.6611497155914,-20.453486514146,-20.155252331478,-19.8711120785279,-21.0459710916555,-25.3495040623606,-23.3615053236697,-21.5866295931177,-22.3073493996279,-21.7251379805763,-23.3864224557692,-25.1892708595531,-24.140357580566,-24.8121821811044,-24.9259978513063
-14.1925589568377,-14.7628103739189,-15.4742399630649,-15.5517766936859,-15.33253240673,-15.1403519604781,-14.9000973522731,-14.4446167139211,-13.1814876845047,-11.352700343134,-10.1036637867229,-9.9737242125699,-10.959745303502,-12.402290762468,-13.1377400601398,-12.7166668413613,-11.9375031810447,-10.8590024882826,-8.87350779521097,-6.37386370644149,-4.49575804584881,-4.04881958984195,-5.99637782447176,-14.4442459753755,-8.66305859853486,0.151623674614238,4.66894326466432,7.38408568392998,8.98717875685006,9.78576040924063,9.94854329669626,9.56096167926113,8.63033309490575,7.09137706051278,4.80423560713262,1.56378329104579,-2.7361783777076,-6.83569252980574,-7.10349359717801,-5.43545138024334,-4.18081954614983,-3.51787619462402,-3.42227101631466,-3.82437192662925,-4.52473868639101,-5.2818065467885,-6.01650703352406,-6.75102446899414,-7.31612489117941,-7.3990763691603,-7.04631175015062,-6.63744383924525,-6.36952035057738,-6.02726824798506,-5.0943616025928,-3.35610372046128,-1.27496274390274,0.561064746648544,1.76291922015423,2.08795803262717,1.35939941231126,-0.058313928476245,0.614050295130835,4.27268111138847,7.69152196858926,10.0353053965778,11.3805207902706,11.8341649850546,11.4300198556553,10.1349541235238,7.79074191362963,4.00869843787975,-2.34796186507895,-12.7836651543967,-6.65602177264469,-4.1386136280912,-5.24623129620631,-9.91419153275415,-19.5007782785361,-13.8712652613887,-11.3100754489626,-12.3276414856996,-15.1575201814849,-19.6049601944314,-24.0552281423138,-15.736062674875,-11.9883867701062,-11.9771910092238,-15.5355994566501,-24.1721202267198,-36.6739428361832,-24.3485472508286,-15.628921025556,-12.0204479280061,-11.9874086173563,-15.6588049619812,-23.5079128980176,-19.2905028681359,-15.0179480225329,-12.2845152065033,-11.2812490399553,-13.7798191098732,-19.8064466510825,-10.1001461030209,-5.32005558157132,-4.14328751641044,-6.55157470558693,-12.3119661979371,-2.33082527520563,4.00181055286403,7.78283151749587,10.1223985385214,11.4138455646595,11.811614748276,11.3610571128846,10.0214790840852,7.69062439570936,4.28865340470571,0.613721157909617,-0.0880931870115632,1.36118073023306,2.11791436189338,1.79747503900641,0.573833323901585,-1.29621254407504,-3.41308830380311,-5.14995714405987,-6.02244451079822,-6.3008342061501,-6.54480392210441,-6.95643239563746,-7.34703978496503,-7.31514384403347,-6.79338325680038,-6.08478998959517,-5.36930890052219,-4.62517325765719,-3.9336620472914,-3.54038200197268,-3.63484874820107,-4.30044110069752,-5.54879038114466,-7.20463917997855,-6.93133704434366,-2.79090240811891,1.53425303150857,4.78987213631354,7.08117485482219,8.61433634128916,9.53372503798274,9.91834692929856,9.75533804186919,8.960135741149,7.36493364527474,4.66544361435437,0.184693458357854,-8.48667335622856,-14.8269441540515,-6.1295520086303,-4.16232381949121,-4.5572776814882,-6.35335606362085,-8.7298184842996,-10.5955571129871,-11.664467821153,-12.4940628801796,-13.0055905354296,-12.3705882294785,-10.9641172435615,-10.0402589625201,-10.2121542040642,-11.4603000358344,-13.1016240474067,-14.1334073105366,-14.4442844548103,-14.4760395958297,-14.6428567064583,-14.8870943160975,-14.8156293697559,-14.3612150395664,-14.1925589568377
