6.92548611222766,6.99324685911335,7.83003633641794,8.51543930962101,7.80322406295839,6.13818280630214,4.15196026718532,0.810547770606116,-5.15957935689619,-13.8551137465127,-14.6922591908589,-9.82807779917989,-10.1145374467183,-15.4763338062456,-21.8294318530428,-29.1216675550881,-17.1726900071791,-12.0678641408902,-12.8787319555191,-17.3924058411353,-10.8805525926614,-6.09146655730816,-4.21034118453011,-4.41385292624754,-6.67480523513202,-11.5584259891256,-19.9614342700713,-22.5143058551279,-23.8001296617029,-26.5694903839069,-20.4975104099707,-18.6239861761573,-20.5578049749823,-24.5167435575532,-22.8851266990262,-20.6461390344033,-20.6899918586596,-22.1124323658018,-23.6884495784996,-24.2958063231576,-23.1781716305722,-21.1668277292343,-19.6763230767685,-19.1061728315311,-19.1724401353996,-19.2673198750652,-18.4756791612667,-16.870164790734,-14.9616419121793,-13.3206290879205,-12.1664031832264,-11.4086822294065,-10.936761750973,-10.7798437530492,-10.2876662497142,-7.93355202528311,-4.87485374083099,-3.01768376019374,-2.922010827481,-3.73556435152794,-2.03918408892703,0.733655025032934,1.36808327299541,-0.674561762295626,1.76694392612094,7.90125012869917,11.5746649251025,13.1491606575085,12.9257413575707,10.8295313663882,6.23569469992071,-3.45718453992256,-6.68816409891316,-2.34977326819621,-4.88762364198894,-14.8900050726387,-10.2441329935126,-7.86296860244976,-11.5688634290003,-22.7623817874073,-14.4681643174027,-11.5549857030428,-14.0025382197448,-22.429905985477,-13.1411565431753,-12.0878299969447,-15.9418923216212,-18.6276811695695,-29.3769420551856,-10.9671460475631,-7.81851253826422,-11.2196167168868,-29.1554475797841,-19.5392814321821,-16.1747957866167,-11.7654806588228,-12.9391881565927,-21.9166243303996,-14.0541574561261,-11.6365454444581,-14.2783837745731,-21.7930124187247,-11.3222103803264,-7.66730563815,-10.094842360695,-14.4696699982605,-4.85942141819446,-2.42220717581414,-6.84830256706848,-3.39133122059083,6.23428815942418,10.821718679465,12.9225614532466,13.1508981724013,11.5778698641016,7.90305158187005,1.79290740260345,-0.574969480442964,1.42066589792185,0.757791661124137,-2.0273185554657,-3.75023022476031,-2.98361367453219,-3.10821736210864,-4.97597842166868,-8.03334720544983,-10.4373746471144,-11.036346417181,-11.2686244375397,-11.7843278451367,-12.5533241911607,-13.655985383053,-15.132041583589,-16.7286927436811,-17.9593541096555,-18.5267226803381,-18.5697026408102,-18.736694310675,-19.5782162814138,-21.3356537648396,-23.5332929309835,-24.5855160891337,-23.6903735392948,-21.8657025296169,-20.4566270709757,-20.6571225249355,-23.0923390809543,-23.3957903234895,-19.3337859175589,-17.7875101821479,-19.9379764677962,-26.63782162719,-24.1356215178161,-22.3143115913206,-19.591737394112,-11.6403095788579,-6.82814086669066,-4.56986697629602,-4.35227711791636,-6.24770993301301,-11.1882432154714,-17.6547155709248,-12.6878261801206,-12.0103023770176,-17.3334277065783,-27.7419178321472,-21.3006230409021,-15.5532769924758,-10.3274464501273,-10.2183209063371,-15.8233428011093,-14.8679657311797,-5.49096084753743,0.680835770263777,4.12358290934199,6.15817361895181,7.81902365636675,8.52174643831486,7.8374949340106,6.98979422438443,6.92548611222766
5.63222367128426,2.15404896244773,-0.680912212983452,-10.2179080194668,-23.8736719863744,-18.1512911290189,-24.1097130850948,-22.536422656402,-24.7413696145149,-30.1656261280322,-35.3982739848614,-27.4067591743262,-29.562996755276,-34.7003095701592,-29.367540355749,-38.2520809321622,-28.1441562542625,-28.5471025271924,-25.9237339325161,-36.3218359290121,-20.0579080859317,-22.694444721015,-9.18941901185008,-9.23816931838579,-22.4656954156403,-21.3590747910874,-35.1578214729491,-30.4544682565713,-31.6510154198156,-29.7469642560454,-33.7769893808362,-37.5072551531579,-29.4003705940122,-31.9847329803664,-28.4267242867044,-31.5102797714519,-47.1544703341531,-42.8877707556529,-32.5289537969395,-34.5023334018207,-32.6289623666245,-32.6287492586671,-36.4237597607069,-36.2154020344307,-33.2342381369809,-32.0057166635556,-28.7739486845788,-26.5940025021745,-26.471765919511,-25.2033770518759,-21.5521498145489,-19.9848337297552,-20.4591306335444,-19.034577573774,-21.8453379787474,-22.2716874223558,-25.4401725613416,-23.1134426821325,-26.743101778298,-22.1604727945196,-26.9245002363142,-20.6157675237575,-28.8311023374499,-17.90050696357,-27.649980115784,-13.6089816140794,-13.960447423528,-1.01549881872499,-0.742692860814924,-12.6512542252208,-12.9711219212995,-24.2230834899654,-17.3058394531698,-37.3962276865806,-20.1977751228686,-30.7244022783316,-21.2971024119543,-32.2163113437873,-23.8473455324338,-27.6039337782683,-29.0642156360499,-27.4444657699541,-24.4941320560196,-32.0363532383957,-27.0648221040813,-31.2003716893355,-21.3881148198504,-22.7326289692661,-21.8537937402047,-20.7898745462394,-14.3460176616087,-19.7953612301533,-23.2069196587271,-22.8428693854472,-19.6302876083374,-32.5746244291034,-29.0750868100743,-26.8321661366357,-25.230717665345,-28.7152175383316,-28.0636407734209,-27.9435714218791,-22.7095776280739,-33.482857285748,-22.6606034270904,-30.1522454300097,-21.4012741394265,-36.9977335980907,-17.1441564703244,-25.3758740416101,-13.1888913342483,-12.9270117339133,-0.823433166886732,-0.926533589242472,-13.4310180335861,-13.5539738343617,-26.1747463158919,-18.5252749468523,-32.1978100746354,-21.5224078008066,-26.5375289077349,-22.8633607732349,-24.2627480459572,-22.6406376167718,-23.3537891013468,-20.7110656731949,-21.3268019303496,-19.5697792424157,-19.9218521876642,-18.7589595470605,-20.4165870628322,-24.257038011663,-26.9372395125021,-28.2186878605008,-30.4354961247384,-32.8573234046399,-34.4989066228136,-36.0358418169657,-37.1789493754794,-31.229504054492,-32.4212842970234,-37.9356617525749,-33.1286470717552,-40.590239005772,-42.9661629986589,-39.7720072167027,-35.6836372517071,-34.9255629601082,-34.3483212666482,-35.3991178104944,-36.4037699247281,-29.7143374448205,-34.8853217844347,-27.8958215492551,-36.9106362701698,-22.3111587134177,-22.4521481988263,-9.35014107074058,-9.20656115160649,-23.1889168990251,-20.1069323480294,-35.0476494818493,-23.5277640136991,-35.895245362788,-30.8636254952669,-33.9591324267277,-27.9444091560767,-31.651914484067,-29.1464144103102,-30.1071364615863,-30.5609279966124,-32.6822079777342,-26.349374705993,-25.2093509668676,-23.6561953731635,-18.0901241989914,-23.3719679404078,-10.4690356666546,-0.720190005599947,2.12214340901279,5.63222367128426
3.27730944253879,-6.20082750178399,-23.7898741457404,-20.1340832208578,-30.0147129861215,-26.4850064478011,-35.1726244649165,-52.7996829325612,-36.2251811334937,-31.8047271878812,-31.9264463234502,-32.5994032865917,-35.3390552286364,-35.121690999213,-35.4845435682378,-35.1171593763486,-31.3918974308695,-31.6565276160066,-31.227986802309,-40.1690326563987,-39.0011857590867,-25.0868396876717,-13.4898610770458,-13.0389155917399,-25.3936540041679,-33.8040887895207,-34.1172812884004,-29.4893216026096,-41.1922929526955,-35.6660649413572,-29.6060564564108,-43.2979932712509,-32.9534050630707,-35.14911789435,-41.7446799283112,-47.1955925256266,-38.7115367182674,-31.7520950711223,-45.2478955884823,-47.8745186477919,-34.5158119609119,-37.5087576978251,-37.082721904523,-40.1052863168839,-43.0086361077617,-53.1326134193277,-39.0483666789608,-32.1203436683447,-30.186363823298,-29.8567109827068,-28.7031447151401,-30.4892762248087,-34.8722878636951,-35.4212207995703,-35.347690849359,-36.666187793365,-39.0175583211918,-39.8580914017487,-30.5489433479706,-38.7746062530752,-41.2270867146962,-32.1120851504955,-28.9742021998175,-26.2202384057133,-29.7975612745417,-38.4509062954439,-21.1051190893054,-7.55982665883433,-7.70511484961789,-19.8995803456949,-44.4614718910993,-30.5198260150111,-26.6731702671453,-26.8491967127112,-28.9850893330651,-35.5121311539694,-35.5409143725758,-30.488654649882,-29.2780718965798,-30.7273050467237,-35.5685105240341,-30.0046883823096,-26.9730880876583,-33.6665309794849,-33.0583377656478,-42.8405660966024,-33.2462282436957,-23.8786934541561,-26.90576544116,-20.4632905556087,-16.9746457305011,-21.4599644720773,-27.7464621560979,-22.1989150466565,-36.1356862872995,-32.2105933818822,-31.9111296198865,-35.001418829769,-34.5039488109932,-29.6756322663953,-32.1751908476445,-40.4937725331091,-35.1943394777402,-33.8062689432479,-35.0178991245405,-32.3751734329487,-29.1631032728375,-26.3960041655995,-27.3797799246318,-30.2007243770183,-31.2533207797684,-21.3205851786748,-7.64936791009763,-7.49507394763912,-20.6302315762895,-34.3868270654234,-29.0039727963756,-27.1200893781005,-30.5516936609944,-32.6406848820202,-34.2958664708132,-33.1147546317604,-33.2558906751359,-31.1163450959486,-38.6452257277368,-38.1509233146576,-30.5024606408869,-31.8667593465076,-32.5462427085998,-28.6968641573621,-28.6287833684477,-29.3627567035259,-27.9274768077827,-30.5359673860126,-40.1609187036077,-46.9393025255324,-35.2486109709975,-40.7607754305869,-32.3820626351437,-36.8026723942276,-36.0481592091108,-37.5820087588571,-40.391338171352,-40.9411649241327,-43.6159842109392,-53.6855805195598,-35.3609104544869,-38.8589581337084,-35.05350023655,-38.4236031973364,-39.5890687796941,-38.6374405759198,-36.1589791655866,-28.2218540317445,-34.4291666541286,-33.2400234348816,-24.6777905172163,-13.0379271830553,-12.9650816667334,-27.1896993705763,-35.6499814167015,-41.2646293340189,-26.5498033229921,-34.2208595234116,-39.14290825698,-46.691686482415,-47.3156842780926,-33.9994938484483,-31.9017047553439,-45.9842198351436,-29.7503083856269,-34.8212807749385,-32.904066180982,-42.3147899132375,-35.4735982135438,-28.8900289642609,-32.6934536766831,-23.2670737612172,-25.5452654369797,-5.84900107292262,3.27730944253879
1.29586508131976,-15.1781527186469,-25.6306422616157,-26.3595838189667,-35.9882125321535,-38.440021139779,-39.3401948680268,-32.82961985192,-33.4048621140729,-47.0485051029568,-40.5988515633325,-37.9959569918422,-41.1142917637908,-40.0278082741559,-36.5364415865543,-42.897110660289,-38.0702710284509,-35.4414894121186,-37.0170573879205,-40.5739493288285,-33.3722813957313,-26.444069632882,-17.0311278799361,-18.2211689422889,-27.9246476363464,-26.8724556495268,-32.6368004938636,-25.0193963029308,-31.9351525724355,-33.2038454086513,-38.8553244710563,-30.3773958094802,-40.9908605759107,-35.6392952332741,-32.6883279000982,-35.5662896443964,-34.1845295192835,-31.0214026914156,-39.0985834038987,-34.0382537991039,-31.4057887316729,-33.250018899341,-33.1452039883118,-40.6907309814473,-65.2793087945088,-43.4730834203464,-38.8846074156697,-36.1487302579473,-31.3890745992843,-40.6326441820849,-28.9233579497765,-37.5763351229436,-44.9590966427673,-35.7753217629086,-36.5733171184404,-35.172856784729,-39.3971468799192,-41.3676472984903,-35.6090355262099,-39.446854315849,-37.7344354069335,-32.9816868553088,-31.714954441826,-30.5608997159693,-33.2304558042233,-32.3702210011326,-22.7361030750453,-12.4304892242191,-12.9116945752243,-21.8267963599067,-26.7104368674048,-27.4199309586247,-29.7531775059973,-33.6293131719176,-40.5766478433225,-36.6365595650853,-37.0044320441731,-41.8967323459758,-35.9779680210117,-41.189761420451,-30.6350014079912,-29.289779001169,-37.5583694277821,-30.775775197382,-32.4619125253449,-28.7798500489094,-40.1926058405065,-29.2586324251707,-25.1719035803834,-25.1960180885522,-18.9173893921332,-25.4133551434007,-25.4572233402967,-37.4825363532416,-31.2539860402249,-32.3295278241755,-33.7960020753387,-34.6482210993263,-34.0801559399734,-31.1996610286294,-37.0705584562878,-32.6003863633419,-43.9447505126742,-33.5479342033409,-33.4026528699804,-37.7369773768158,-32.9226778567366,-27.683060147686,-28.0316384400265,-26.9979157637831,-26.606985692299,-22.5407785516728,-13.5781689996134,-12.8112619830103,-22.4914832737255,-25.8734780106877,-27.0371135634375,-29.5961718412344,-33.1195393772558,-37.2207872311448,-35.8811813762041,-33.2623819542161,-39.1449612241416,-33.8348385023012,-34.4974371704007,-41.5317470698237,-30.7033652650737,-32.7091872423093,-45.0302068476894,-35.6055060921837,-36.6352107020434,-41.7855363070528,-30.4276933034239,-44.7199455501982,-45.440910549776,-36.8326403129437,-36.6030663683712,-39.6399225333877,-51.6328451148278,-35.1488156587635,-39.1834304649036,-31.357324691461,-30.8048902572678,-33.1202233930519,-37.2232458000228,-34.6827943674686,-42.6447166984933,-33.2567156399153,-39.7465950716905,-35.5906970125028,-36.329219693714,-35.179424284245,-35.7521060549142,-37.0646898684487,-40.7741618581023,-30.3262116889463,-31.3277333856264,-17.9947884130029,-16.1686329146111,-23.2573721376475,-31.3210152890888,-37.9704999957223,-34.5250672694645,-39.0856164212,-41.8220985800719,-31.4725814858241,-40.5365153852223,-43.0045964926089,-32.7906303486888,-35.008994825691,-41.3282941149615,-47.3243316918702,-32.6046850506549,-28.0171264227919,-37.904628953902,-40.6067957126471,-36.3695322368518,-28.9654925233516,-23.5648700597209,-15.6098157230419,1.29586508131976
0.170386171811644,-28.9133476801007,-32.7961148476415,-36.3623186764293,-27.6372644991808,-34.3119939238512,-29.6526971538277,-30.8100349038929,-32.7782486620266,-39.2742032469155,-29.8268049340225,-35.1472691308282,-39.0156205281524,-41.7422648245911,-28.2873164177187,-38.9488404821141,-36.377021908537,-28.7867818543809,-32.083190988867,-27.8601165338659,-40.4598303504603,-34.2955290155976,-22.7250036720586,-23.5590395945099,-36.2661787754359,-31.8223715465018,-30.4673450743058,-26.0220532745356,-45.5038306637469,-36.231060715849,-31.3499126395991,-35.5594783809445,-59.5965149322543,-47.0336263030975,-33.2095472497126,-32.9029019029587,-32.8865883193718,-30.8549158724075,-37.2626445349746,-37.7546226882032,-38.9007652694646,-42.2539546881786,-38.2784838447769,-36.2960636019475,-31.9976328039423,-31.1141727867489,-35.8935620115318,-41.0612697648545,-41.8281276627613,-35.6656277057048,-35.7403755003959,-40.7379844742175,-36.1007182559324,-31.7742117797845,-36.5817424132479,-39.0601760906648,-38.0011470113487,-55.7442826961033,-35.0872575144785,-33.1910573888945,-34.0584277410145,-35.8234033858689,-35.1138063386056,-31.7479514567032,-30.1361489150455,-31.8414586817616,-34.0871303737618,-17.5879412379868,-18.0808122828528,-39.4421326851614,-33.7654106014426,-33.2888496045046,-37.2396052340045,-40.5154326888299,-33.0613287867139,-40.8404940941039,-51.6898920747977,-41.7237731879004,-42.0660263109654,-49.6823827042667,-35.4983910556555,-43.5776545019341,-34.1617100659928,-30.1114067161154,-33.8037096734576,-41.0882054823337,-31.6877233356669,-28.5960714085828,-32.2729157195604,-37.109053191662,-27.536445983583,-33.7153762794716,-24.9808877189385,-30.0553566187561,-51.4133281697785,-45.4164770016036,-42.339754999367,-40.6267961884823,-35.9169332539528,-28.4577190603663,-32.2143159134176,-37.6927517471209,-31.643913947251,-47.2817239829238,-37.2460306278715,-30.828605200874,-37.9905147929271,-32.9013508179268,-33.4508784927938,-35.8450970500786,-58.5248273277126,-28.8132764338813,-16.708017729551,-16.3438398295216,-30.5809599213079,-38.9616046695717,-45.8820201688267,-35.4042073233244,-48.3911886718662,-34.8146925340593,-48.2639774630999,-32.0084035635076,-25.1730269073428,-30.4808889001758,-31.3108408603988,-33.420760073515,-43.1390340078128,-28.7890434159519,-29.0145005038351,-29.9017819446725,-33.5791088059685,-35.7942286852609,-31.6189509683119,-31.512659914755,-38.7681633431825,-38.8664209362167,-35.2563756747287,-42.3623620676255,-35.9562983858953,-34.3206481865715,-36.5806223538665,-31.9754080169169,-38.9976174629292,-34.0587277418642,-48.2978232502045,-36.4440213225525,-35.1633880344219,-39.114492208207,-43.8560044836121,-30.0072065865528,-30.2641441619031,-37.3122194848555,-37.4758255657496,-29.1436768838931,-24.0219715393137,-29.9606025589526,-29.9344083450607,-24.0894685673942,-20.2260527280769,-32.7664149318063,-30.921738304889,-40.1628653082912,-34.8710881354162,-37.5708425998557,-37.5169669934032,-30.9639870731072,-34.0555613631919,-37.1485505264853,-33.2817880280892,-31.7657959578835,-41.7067480076145,-30.777814445968,-39.6095357855621,-30.765970401034,-28.8052223851093,-37.1929864203122,-41.1752725231676,-32.7940383415383,-43.8469468605635,-23.3254312465568,0.170386171811644
-0.993374842832304,-29.7457389575864,-38.6577040367654,-32.6460276369843,-37.9769945404684,-40.1499554410633,-32.0462729795547,-37.5102310766664,-37.2276205483544,-34.3447510814745,-31.2103798317889,-29.7119323234624,-30.883839558184,-30.2747034489303,-31.2603077047391,-53.9452694932085,-32.6088256138848,-32.6391101490928,-38.8955736218467,-30.6157086207898,-27.5784969800497,-37.0300919692023,-29.9684069328278,-27.630101716036,-27.8925592205686,-34.4092222578079,-34.0383097357729,-33.7145865901673,-31.3067601816105,-62.5351448348181,-30.4072641492267,-35.50508843458,-37.3832331027059,-42.8983903935148,-52.6428709861638,-30.2899762972473,-29.6652428345066,-44.1964488603559,-43.0275893955857,-32.5216565541636,-26.2166222370363,-31.7023286490409,-33.1376464905527,-37.7509761435295,-33.8666572585282,-36.5432658389063,-36.0771180018106,-30.6939605697809,-46.9112838081136,-35.6943181289268,-35.8285889189694,-41.3340951425257,-32.7807031829307,-29.6066889660293,-30.3312834457466,-33.0012723081985,-42.6375992775992,-42.8859861176267,-32.3030713950408,-30.0228268244832,-28.4060549658336,-33.2513993455501,-30.7189759643322,-36.0597595239012,-30.6216522772429,-34.3000767652319,-31.1464278256157,-20.0088239491457,-20.181960266131,-33.2810837353711,-30.3157669608891,-33.5887683017953,-40.1244072398567,-35.5455218956634,-37.4005991041056,-40.9649110524014,-35.9012329305244,-37.678489109269,-41.0696379165178,-28.4027308533899,-35.2417843925073,-33.3841048197999,-34.1424351088181,-33.8603070477352,-33.1207324823055,-33.6836610302217,-33.7511645672844,-28.5392415416315,-27.3913608324229,-25.3741500643427,-30.7962443731509,-28.6993582198544,-28.0200933826631,-29.6526876377905,-33.1263354512754,-30.4174530788979,-32.5007073710412,-33.7599531257384,-38.6434291407953,-32.3146779175691,-34.4424236074172,-35.7922666172312,-27.7638912703503,-31.5866827921116,-37.2361911751884,-34.5916175661809,-45.6067623921302,-39.1833241856377,-31.1607068867773,-29.6150298491026,-30.7123444379258,-28.7791048376424,-23.8392591385438,-22.5477877137727,-29.3306756043829,-29.3308963109227,-30.9984497501181,-42.7213646272466,-37.5512835028972,-40.7467825466454,-37.8149943031158,-38.1611333316352,-30.3616650690072,-35.6052267173803,-31.487468680766,-35.9916827065544,-35.2878420042094,-34.8270635076884,-30.4124536367776,-33.4964952065082,-44.8968370186366,-36.9056313496011,-32.1946744910085,-31.4148824530172,-34.805684983595,-39.6883755340716,-32.143047460948,-29.9544888236606,-37.9349941441179,-52.1679150995382,-33.0958153566457,-48.1431178030759,-34.9858893299056,-30.7600608994877,-33.071959796021,-42.8133903106547,-26.2646186718486,-35.5625988270675,-36.9186213566998,-34.2913034297673,-30.3349661159323,-36.0157003848585,-34.4652044510276,-31.6662318385947,-37.5263683291892,-31.9607588116806,-31.1472241062143,-27.9600001426026,-28.9197552807893,-33.8109116725725,-31.8100910700469,-33.9847092386021,-30.98645998075,-40.6849615320028,-42.26943482622,-35.0461536076185,-34.8923200909866,-36.2167449368281,-42.5944422176973,-40.1753552655826,-37.6431605802348,-42.3565551925042,-37.155718297672,-34.8810149473346,-34.6501975432668,-31.0894307356605,-29.8464780733541,-33.8079069205722,-39.6612445516337,-29.4560160222001,-0.993374842832304
-1.31442157400783,-22.8040804860492,-33.9662820884688,-28.6311063543527,-29.9856438367244,-43.668069907043,-29.5193605037442,-46.8901837559366,-41.404062230121,-35.0655061348387,-37.3389028077686,-41.9515636024915,-30.4436938518415,-32.5604633374464,-30.2034250209657,-32.1635080152598,-44.6167412548571,-30.8639841130797,-29.5190340610835,-40.7747679185994,-45.7933598016942,-33.3998621404269,-30.0289973025868,-31.7760134804267,-47.4969753758929,-40.7099325228635,-32.2739817569206,-36.2298605886739,-35.7996720732118,-39.5784642075538,-35.5344905171625,-38.7587412759817,-38.2700846226124,-46.3986164968042,-38.2948934877696,-38.9149783322379,-41.707543493666,-47.5322352968413,-35.896523115874,-30.0356106322525,-38.0292284435673,-33.560752465386,-33.0937610210098,-36.4433870646388,-34.7958655243114,-34.7771444455065,-43.6794745847359,-40.1820091215899,-33.3111958596365,-42.707399060277,-34.2202290631547,-35.1779521657402,-40.1122520299432,-46.5598354557564,-38.5780120671359,-32.1313158734107,-52.6396907046746,-36.3474551473158,-37.4192764461967,-43.9269239298849,-29.9838314918655,-32.8814491911502,-42.2391770147408,-36.0224900820975,-36.2265147487611,-31.6798652809661,-36.0344430876918,-28.8389637912914,-27.7464925426435,-33.5978906838211,-30.1409490915608,-38.6369400589378,-43.0751339998184,-33.5600797620511,-31.2170119640812,-33.184849857419,-36.2483956714305,-36.0968414397545,-39.3376380513859,-38.9581811485057,-34.616197905637,-36.7611882849811,-47.8598683726862,-39.7680478056783,-30.7380256411061,-38.8357457421028,-34.2471680650833,-34.8252905953529,-32.5516183947229,-27.8312641854997,-33.0447921566038,-35.0873040884348,-36.4820004413894,-32.2641192698173,-36.0780052802345,-31.6686733998678,-38.6391257104254,-31.1731861116876,-36.9748374335218,-31.9440176299108,-34.9543218679757,-38.5016503966543,-36.3954980398959,-34.4575566715047,-30.938097629231,-27.460465204797,-36.1438196627009,-38.5962522764951,-44.1256807142168,-32.6592323310284,-30.9445226974449,-34.2824172744305,-26.9238930930454,-24.2882806012443,-31.1088235807653,-34.6541169899058,-29.8059105693322,-38.9244919519267,-32.5143283471839,-37.3864088060711,-34.4983648299856,-41.4233834312737,-32.6765618640379,-36.7558246344161,-31.2213470902151,-39.4152488501112,-47.0162031399274,-34.2537716712617,-30.731045811683,-29.6711796703724,-36.0822712327084,-36.4104970439631,-37.7067061290257,-31.326372391185,-29.8964797894433,-32.0861760164093,-36.1566785593917,-27.8648349773102,-34.6516785329592,-38.737497532861,-31.5010259272044,-30.3319009373474,-31.8095253490401,-37.0229807758714,-31.635866627088,-33.7460474120421,-36.060489380369,-35.5457790102389,-36.323162741687,-41.1353539928956,-36.3729248849582,-28.3465026248742,-33.8177036914572,-45.8074712521298,-38.7643520415171,-41.5132469574716,-35.9031521040391,-32.2012565142323,-31.9311469767548,-28.9450917739864,-44.0100650577326,-36.5142410185791,-33.5305279337405,-32.9705859800438,-41.3238590720761,-45.7186099634725,-33.8573272484198,-34.9054691673576,-39.3533419394242,-43.0024258485947,-37.605384457878,-36.9611021163772,-33.9611351839196,-32.3028759476634,-34.3686485275952,-34.6894105952449,-40.8727998999704,-29.4544503569745,-47.7718584225986,-24.2120115626284,-1.31442157400783
-2.06191471218634,-23.0510922725323,-28.0314054376499,-44.2037311364445,-33.6784780170877,-41.8061140301058,-37.1500695529371,-38.3181572602816,-37.2880779744132,-40.4308925065091,-42.0344178760965,-42.0437977284235,-37.2794006141807,-50.2458728830479,-43.0868808767461,-37.7180567980346,-39.6835037597897,-41.7416682079301,-47.9840825449871,-40.0231039473159,-44.5069475553995,-37.9443663485505,-47.8825574672867,-49.2849172731662,-42.4762773562187,-45.1768367823018,-39.28550357863,-41.1690525612241,-48.0323765028931,-33.8829842607707,-46.6215403702078,-41.4407023075453,-41.0327846481178,-34.331909177577,-44.2887738582798,-44.0757699159757,-37.949265057336,-38.790655038901,-43.8640359463554,-48.505365103288,-31.6336503954603,-32.377136274409,-40.4990175687564,-38.1668015334197,-36.8225718157463,-50.4634532758915,-38.1181919922529,-50.7459585410377,-41.2688868174358,-34.1847155931819,-39.7485185351355,-48.6269129361116,-38.0404874495685,-49.5075368095019,-41.6061063067692,-31.9955401362718,-43.8255755282149,-36.7231834357742,-36.2996386299595,-43.0242560690645,-34.7178930286845,-43.2054936146764,-40.0359858062269,-39.9316580253984,-40.4592495295918,-42.4174942948762,-34.6238452562559,-31.1922733117609,-34.7169398292978,-28.8644448905337,-37.7668508396154,-45.982165295061,-42.7648318788685,-37.3904431939507,-36.3328965027846,-30.3016408669949,-43.5761764219144,-33.365786616181,-46.1014202467914,-45.4638587040951,-40.636691299967,-38.2693372059362,-38.6963765332311,-38.5323845725691,-37.9267891106773,-36.7403213579854,-32.8317724638346,-36.5704082219948,-43.5008902937689,-36.8015097236886,-41.1816280298641,-34.942010355149,-38.6542764038553,-36.5098634114175,-34.9760981460682,-41.2014882385145,-30.8609741727443,-32.1706779363824,-45.3449084051078,-43.3170345598082,-44.4890806012939,-41.2903965980512,-32.5419161487509,-36.1567407132126,-37.0172502483325,-40.1591970141844,-28.6445972283371,-45.346676256696,-40.742375986604,-34.26770934027,-49.4339792650071,-30.8164163689895,-33.2464584228766,-31.4297892925297,-31.224940933889,-38.9404166135261,-30.2378201324799,-32.050586458142,-34.9500528658772,-40.1290596669175,-34.0542835668943,-37.8167056364219,-35.4724047981751,-38.8667092464324,-41.4547615993367,-41.175587664972,-39.4469464595664,-35.4248493881518,-38.7633461261681,-37.9795089760407,-40.6288026679358,-35.3976386707368,-36.9842941867479,-52.3245506942418,-39.0479000278301,-36.0845406394014,-36.6614502213443,-41.980131367108,-39.6526481196175,-38.5538730287276,-37.6220329703261,-40.9334063775603,-39.9699370405608,-50.9548293655991,-48.6386068775337,-33.0855711876905,-39.4355041679423,-38.8988721671623,-55.3071450116485,-36.2521684810494,-39.3882380863567,-34.4535167238076,-44.6517329371006,-36.6678639132369,-41.2999788000836,-42.5242938208009,-45.7458139270599,-40.383179441302,-36.8471340518071,-42.8622475688229,-39.8192387179952,-38.9777573924262,-40.3073329958461,-46.2266132314094,-51.1384845646511,-38.0306561496009,-35.6620853159505,-51.0348447818136,-39.941650289263,-50.9213692314062,-45.7519430480903,-37.6543126186918,-46.8658224690244,-40.3452931989239,-33.512926111988,-32.6191239202643,-38.4717682226219,-44.1462998581906,-28.9577536908082,-23.5080808657638,-2.06191471218634
-2.29911628018449,-22.0780310259178,-28.7933922404182,-36.5839766157451,-41.3625286952838,-42.1430533105424,-44.3469409475566,-46.1801357244996,-37.896167749331,-40.4165810683812,-40.7501557582232,-56.2093764397296,-50.7001670755138,-62.1882874853981,-48.6507443126793,-52.5608634695991,-55.457423629787,-46.4531304664497,-44.7517707228569,-48.6592812083812,-55.1766328796834,-45.5084927214765,-50.3559694343186,-50.6753781570143,-42.7417345315615,-46.5215179731845,-45.3235560954601,-47.8749852141676,-47.8533950149236,-48.4791898159022,-42.1146893584937,-43.5645385183837,-47.5105551437497,-45.0679458136504,-45.9405925100073,-64.558206168218,-44.6911985546611,-45.7217161597431,-41.7533498358499,-38.7009007882739,-39.8548789961891,-45.0861673846519,-41.0960105346715,-42.232026176266,-42.075694785492,-32.6279996709417,-41.9603011633312,-56.1345320657751,-43.5265258367581,-53.3637027927287,-46.8931974124163,-57.9807754627575,-47.757770064329,-44.0753038018816,-50.6489872104141,-47.684163015439,-53.4563029493105,-42.0647895866028,-49.3472263409452,-47.1714098314569,-45.6548319983588,-44.2980534328935,-45.5498417110707,-53.864962686244,-37.2475610340057,-45.686895246857,-35.0294516635084,-31.0247870025057,-35.3710953842141,-30.4347889811614,-45.9068850737751,-40.8631479492445,-58.5932151743354,-41.4486026215542,-42.7761808519372,-42.878003465872,-48.1532850548728,-40.9625921170908,-50.2810425235605,-44.1816501847333,-42.6342131527189,-40.8065604536561,-49.6825311311136,-47.1999560181471,-41.9975172430413,-43.6567663462232,-46.9822781892646,-60.2184038738902,-40.6777153547563,-47.2024166603133,-41.6828681873902,-44.8875719837741,-46.8575074265309,-42.0269098529345,-50.9558518285779,-45.4568623721824,-39.9656717439113,-36.3599815633817,-45.3961151400362,-62.3879572045343,-39.7048910824592,-38.9926178054493,-41.0067722512709,-38.2223914122262,-36.4327762566289,-45.9403603881377,-37.9850246352821,-40.4846030792632,-41.563775081144,-49.699548922599,-40.6140924195774,-33.1677262737538,-28.5587516229384,-30.8988907847473,-34.6986484615231,-49.6562476854347,-39.306494868842,-46.4404673379498,-46.0676996829554,-53.0596511403707,-49.750668025806,-52.7508449821231,-45.4508086246726,-47.7592827487594,-51.8761702704697,-40.986119610088,-53.0821205008499,-45.9342860420855,-48.7346731816453,-47.5202742944147,-40.3663933498306,-44.6109506100449,-46.5682112091213,-40.7358914172529,-39.9970417809627,-33.6577684218576,-49.4756021555121,-46.6477978502089,-44.2676389917017,-44.0217790080376,-43.547991635765,-42.3609181557233,-46.1648973441909,-56.2149651009193,-43.1344419875215,-47.1886164718918,-46.5526945999617,-66.0221082844045,-41.8652473651739,-44.8092457880072,-47.1203554985694,-43.9256004711521,-48.6697072999575,-46.3651285780245,-45.0071318261886,-44.0470243948383,-45.2693268385503,-51.5204161414797,-45.2094492462836,-51.5100870252265,-51.0296297040995,-45.7826856079134,-50.1928557874444,-53.6301610194943,-49.4275705972623,-50.6429693670208,-45.6073243881734,-51.2084203872614,-47.8736988334742,-45.2945710516977,-46.4853423549034,-47.1979826222159,-37.5897944333673,-45.4938658127279,-48.0069647069864,-41.3365600012005,-42.8750374953275,-46.441006616572,-31.9598426630036,-24.553488311964,-2.29911628018449
-2.33970595567357,-25.922783462449,-39.6985837872734,-30.283992742947,-39.4773954238382,-36.2785528218455,-43.7903818521151,-45.2751339159487,-36.3628830809739,-39.9725649665402,-33.5871856000552,-41.941147465303,-39.2662063761706,-41.0999481327939,-37.1308245804184,-42.2799870638935,-54.4957973511183,-41.1417621439135,-50.6381352184493,-46.0971340734243,-46.4305275778909,-41.8200331628768,-51.8687787666283,-41.6628070022638,-41.6429901137477,-52.2243103815825,-44.0552274826535,-43.7116067045216,-51.7152993828272,-51.415033886475,-56.0134440542879,-56.3522404175473,-49.236294116057,-43.4883209086607,-41.1475745889525,-52.2098424119055,-44.4960237589268,-44.9848178091821,-39.7720974261037,-48.1087790671765,-38.5604989002733,-42.1801940051722,-37.2076315373511,-44.9961652218485,-38.4264454974114,-28.5759482185604,-39.7613390684178,-41.4695766936001,-42.9685017848929,-47.2335071910925,-57.447706623258,-61.5034693712525,-50.3659928511791,-39.7100050030824,-39.1577381779963,-38.7882139032173,-39.8929784883759,-47.3426408656885,-53.0925363171962,-42.9616599445301,-43.1410037358537,-42.423860189514,-42.7216675756656,-51.8133600123978,-40.7348304414046,-47.1342316383829,-40.4210105294592,-28.9558137648498,-30.4964577014769,-44.7710152785284,-41.5329527340816,-41.4369772527878,-47.5016415273969,-45.6313300403692,-45.2500483466908,-43.6642436610007,-49.2902515018436,-42.8985235592897,-65.1057291205759,-53.9779054411875,-37.9658163158104,-53.8555474134212,-43.0120109379089,-38.2664155655206,-54.3791798856967,-40.9874704749353,-40.7615692197847,-39.2285278611528,-46.0481116450222,-38.6069218993845,-55.2418836570176,-40.3877790977489,-51.7385493208362,-38.0618344079746,-45.0359165772298,-38.2631348900516,-46.7757757747722,-36.5284973238254,-54.5679738741604,-42.2724112309526,-37.7109208706464,-44.4807091547709,-40.5504281080375,-44.5407597299752,-31.0849882791062,-37.076093340197,-45.0396393265875,-48.7092758274771,-44.5630973984585,-46.1223955667505,-41.2107430501951,-46.302156289981,-34.5537532680767,-31.1579820590648,-38.5382566869258,-48.5714835933498,-41.9087989195888,-44.0860955481442,-43.127274044814,-53.3420987406169,-36.378571160386,-41.3053251139734,-51.438460147077,-42.4223335023388,-39.6655163241325,-43.8432673047686,-51.0129880445338,-48.0770672006002,-41.9501650953422,-45.7109623766871,-47.2256821649918,-40.6779417141673,-42.7230196600983,-39.4359322448634,-32.7397949362181,-35.8160786268095,-37.8357617922899,-47.4162432346524,-42.179849049505,-39.4764953423657,-40.8486910314674,-49.6886093529695,-47.358653837345,-43.1681336228456,-43.1715960401537,-48.4277918206897,-40.5766012492025,-44.7488827130874,-52.5092525742065,-55.2047317104057,-50.1009482910213,-41.3869426065944,-42.4028002068547,-39.3082906051946,-49.4247884115899,-41.7109707969431,-50.203394056108,-51.6644205823807,-40.2620357317265,-44.6648586988481,-53.4199260724216,-36.0830438301616,-57.7914410683659,-40.8608323388431,-42.9099997313267,-40.2084737539438,-45.8286434360397,-49.5784548235194,-55.9833213809313,-63.3937224406521,-43.6768963824707,-38.5985846061248,-42.2586286618601,-36.2626380305557,-37.6140823369607,-43.3414502462798,-33.6465273309323,-34.4050772392245,-30.221580565401,-29.33194075522,-2.33970595567357
-2.06620611537917,-23.388210414761,-37.8598444470536,-43.3125791734163,-41.0841717327216,-31.2364438553774,-40.615207803109,-42.8675978651221,-39.6049008207676,-49.419568410018,-33.4911333901812,-42.5707395317569,-37.1926464272454,-40.0806708410781,-34.2988759970036,-43.7680640348265,-39.5424543397544,-51.01920308329,-42.7898580926287,-40.0439185893725,-41.449448234277,-39.3526391271958,-37.37243308664,-35.0577410574459,-39.4456531576305,-33.8936567473462,-44.0345949880163,-50.8235221107183,-41.3184059360325,-52.9348542095839,-39.7259832034587,-38.4420035458521,-44.306271284975,-41.6487344748071,-40.440000934521,-40.0106040006577,-37.4436635227169,-34.9665949987947,-42.6334933855834,-39.6229130744221,-36.2643716851293,-33.0358796530131,-39.478143036557,-42.7018880658956,-34.611543657187,-38.6253632784749,-33.1206783569236,-31.3710958556517,-52.7128585962083,-43.5200099342001,-36.0992467304573,-42.9131995573969,-47.1295640653306,-36.4414413259326,-36.2243784871752,-43.9706600604557,-36.9913087763221,-58.5297415326826,-43.7260244555785,-42.3839020604153,-40.9154719026118,-34.081555421828,-46.0228943571126,-59.4069574510952,-39.1371290344249,-41.6824694391065,-31.9537368683867,-26.8660511231343,-28.1287643440442,-36.7153162344974,-47.2961891361534,-44.6036234065951,-50.5670562866222,-42.3144364733546,-37.8793233603999,-39.9880403427664,-32.7206021328483,-42.4156116897152,-40.2152139654304,-38.0102031942713,-30.9945369767092,-38.2890089350619,-35.1160484815194,-38.6305975313563,-42.8390667850315,-32.2604999309275,-36.9094626904988,-36.863623186442,-37.1232407445502,-35.9159622859865,-40.0778183085022,-25.7533719706663,-44.7833812945518,-46.8469681058398,-29.5025821463636,-41.8579254001231,-38.006244317899,-43.5991045298613,-38.8585961592518,-35.8200217256889,-32.3680296155494,-35.0231875817967,-37.4568176314261,-30.6425890671072,-33.3056275436364,-40.2903813842793,-37.4492657934972,-32.5896733201252,-40.2551822295246,-39.6366659355667,-37.1758722525113,-34.4114123453794,-27.7564025573118,-25.8974616567467,-38.6929568683286,-54.3319788591013,-41.3928789294743,-41.4880907407216,-36.6394985265994,-39.6350977624442,-42.2753564196838,-48.5684080188416,-41.656711226871,-34.494175011001,-48.0030953304031,-38.7710460587428,-36.5252932411773,-43.0449958193136,-38.5827119187925,-41.7191660477383,-50.6968455326821,-37.149327168995,-36.0296988205132,-31.1660622470783,-30.0325798201806,-35.6671170239309,-36.973010881303,-41.7908078573215,-35.7354359588487,-41.6907699758642,-51.7282116840644,-59.6220534018548,-45.3408185902776,-40.7194381544273,-40.2490231152223,-40.0422497565471,-38.8511498600021,-35.1711363447553,-42.1608262113224,-41.7804804249331,-41.0455689489785,-36.9184076440135,-36.3946171286484,-34.841582879882,-38.5158157259156,-32.848116856331,-44.703560323688,-31.0302323155333,-32.3722418317421,-40.9454003547609,-47.223802805794,-41.4113162277059,-42.1259405340982,-51.4821873328574,-57.0277605346193,-39.5969817357682,-38.6661953079985,-36.8193250857264,-40.868458049228,-39.5236194714212,-32.4542164213219,-48.6080993309328,-52.2143207433311,-42.7870370788969,-45.0977379765294,-35.9781046371226,-37.9883281575782,-47.2072722716177,-41.5271959584371,-25.1860422284851,-2.06620611537917
-1.24906305876311,-27.2336911527461,-66.306871622047,-31.9793724504684,-47.6573444373553,-32.2161254484349,-51.1323724224364,-46.5475591608159,-40.4253243939674,-34.0286141780126,-34.8612408542591,-33.8946703371212,-42.1246027352133,-35.4239024454574,-32.6532988854238,-42.0495495526969,-40.5031089715181,-35.3039834736863,-32.1540159439182,-35.9351713511853,-41.3545522212922,-43.2607814144355,-28.4700592078063,-30.8202202990792,-55.6310633687203,-34.648929664566,-42.3725555057968,-44.8364100063541,-47.5169980553017,-49.1172639790356,-36.2091217391387,-40.4603149352211,-37.5215482490921,-36.6214638291794,-31.1775019383779,-39.3617101828788,-43.2074984424044,-33.7944526742339,-35.7937008902419,-45.3736608704365,-35.3361629643136,-37.6709078384957,-48.5189571386399,-40.644313724442,-34.0801726618065,-32.6771739703345,-30.7197520685638,-45.3912567125075,-30.6778564208857,-42.6431071403584,-44.1936049416616,-35.1974282080346,-34.189097519429,-35.1083946971777,-31.3984739443649,-36.6521197328376,-48.9401166232806,-38.4226150505653,-38.2888457053212,-37.8233806958965,-41.4332979366742,-47.8966618226123,-35.6365902615802,-42.2379360005634,-45.1344637591877,-32.997289135631,-42.9220663010049,-23.3552981049787,-22.5317438262789,-37.362975602025,-31.1164028972495,-31.4342549891822,-44.2446476585397,-38.0396462365748,-52.0510185534638,-37.406345474937,-40.2189078039904,-37.4754918105827,-41.5730670979741,-32.7056477923773,-41.695718324986,-36.7997374436454,-51.5486623300526,-27.7079061306755,-43.2855439176681,-35.1303070580561,-32.8222292360134,-51.0174412710268,-37.302649478321,-25.8284126927899,-27.0071776676458,-27.5452140934596,-39.260888108421,-37.4624035584357,-32.0434617293294,-31.5950308622321,-32.6283386444959,-30.0194257749292,-40.6674875122185,-36.1588774554147,-43.8907873296202,-40.8993905899484,-45.0167559195188,-39.3703078255199,-32.0057792088605,-45.0879580290378,-41.1815523249177,-36.6629700708712,-38.5783859638277,-44.7579900781842,-36.469684595507,-32.6029350201485,-22.7493963225136,-21.9655307192911,-33.5778566423788,-31.0029278617968,-39.7964501296266,-41.2570500552848,-41.7003779811117,-40.9209465060994,-41.9625800386949,-47.7360479500275,-36.4198954767357,-33.3199193028199,-40.5155492250625,-38.9903249649078,-36.8392120937928,-36.3488407179895,-36.034898058521,-33.5139899894423,-33.5992273518776,-41.5150834826692,-41.0319458515018,-34.7135195138953,-32.1650382184771,-47.130659473799,-43.7307588873117,-36.4352032297958,-38.4066197036774,-47.9188478963153,-38.2811517845496,-32.186487877174,-45.4698291158812,-34.9306134605794,-32.9376195259867,-30.8750613547133,-44.9036253168268,-41.607796491554,-38.5443566129465,-40.7054157868873,-52.5425967486232,-31.9704738375962,-48.783896985338,-48.494749929894,-42.7996525948959,-34.4275203881967,-50.042866011144,-24.9111603502977,-30.6564370158966,-39.9998537209718,-29.3148480253952,-40.7279381712922,-36.140749591122,-41.2837748700164,-43.5720153379226,-34.475251027016,-58.131163706951,-35.6013566561168,-37.1371423199482,-30.7864848756072,-38.1489156910723,-36.3204744775779,-33.8775482902839,-42.9128567035132,-37.0759875134951,-41.7732662887679,-36.8502407047726,-32.7780451567888,-49.8258557574753,-30.2100020196228,-1.24906305876311
-0.185971174025071,-25.1875145115456,-32.711813251279,-33.4150107486975,-34.8652377921252,-26.7595275935904,-38.1808802328287,-39.385788198723,-37.2404785992789,-37.7871604143911,-39.9568283946545,-45.64065314551,-34.9022892535413,-33.2289359353369,-42.8497638541012,-36.4088735591452,-40.7278744074379,-39.6034262695502,-34.0487759876266,-43.1206700810838,-32.6514747480307,-34.4091736254744,-22.7866644856362,-21.3802416705061,-49.9912286609855,-41.7338090993888,-34.4612724603216,-35.5510887923151,-59.3549218258797,-38.231339476074,-40.1533618602471,-51.4405849991704,-45.7732786790607,-47.9865355850082,-36.6442017920757,-43.8298719886578,-43.8189183379102,-38.5978916495813,-32.4544955623857,-38.4623500420466,-34.4449529573212,-33.7120400957131,-36.8459833167482,-37.4289758839001,-41.6342547517394,-43.7766351833271,-32.226501611136,-33.5189489136826,-39.1457507433748,-37.1901265180447,-34.8809457476907,-38.1365104319171,-35.9832906947431,-34.7658086836663,-54.591167964987,-36.4571564879593,-39.4754079851479,-33.3518643059435,-38.3883453561695,-48.990009135557,-36.9656070486391,-40.3912473304873,-43.2167772839728,-31.1261226675696,-31.5072897649378,-33.8860680551257,-40.6436926904021,-17.6025307469506,-17.572983570346,-31.8001071066471,-36.0995253688057,-28.8390714154764,-32.7588847541668,-33.5260785152388,-33.9097176607807,-49.9922822781472,-35.029536847794,-46.8900621380969,-29.6500837421276,-34.6240266791929,-37.9481225463016,-39.2664933151529,-32.2966471704883,-42.9008332085306,-35.3748562393339,-36.9023131273988,-33.5516067042846,-41.5289131851883,-24.0379017020205,-27.5758734365102,-25.0601258912516,-33.4058773764958,-23.9328712475722,-25.9445172498811,-36.5317564038689,-31.3667506869824,-40.1242140325058,-32.5217583185383,-31.7459845863469,-37.9675636627381,-37.0971110019994,-32.1895676542732,-42.6818362312173,-36.485868777554,-45.8415973070848,-40.1519178623698,-47.953851926513,-34.904395750861,-29.5784534630132,-34.4420679746604,-36.5442301166436,-43.7330841187197,-17.3509368291834,-17.2045162554516,-37.9270673492069,-37.7427130049082,-35.108604323182,-42.1336880690464,-38.9235522606412,-35.3806301131038,-38.4920962182252,-35.2046185530537,-42.0173606367529,-40.2329728050389,-32.8498322249669,-35.4211330284844,-39.6953984858013,-40.9401198630107,-67.6367286602069,-36.7193953126375,-39.8501609445812,-42.6151819761859,-35.7577021143497,-29.6521052847389,-30.3744064459295,-34.1067722370522,-32.3480290200702,-40.8061552726785,-52.8050644668899,-39.2108187243507,-46.3361679154174,-39.5126361137727,-32.3222612883146,-38.6875142701464,-40.0817507690076,-39.6398537289344,-38.9730063030205,-37.2922617243363,-37.2424173360678,-40.3862245908042,-47.9515149044298,-44.469366863012,-43.5859179600978,-31.1690680185994,-38.5660177429258,-38.6431070543844,-41.3653800351432,-22.339058132819,-23.929918265749,-35.1115168675668,-43.9107507546117,-39.7408851157278,-37.6871096213613,-35.3123255805286,-43.5631749142377,-34.5497310570481,-37.736693542419,-33.5366787151174,-34.1369115850576,-38.2381163151608,-49.1790786539773,-40.4866749422129,-49.8058801681979,-31.7215225129237,-35.3505133993929,-37.0488550565004,-31.7656652069536,-35.8790688275934,-29.0458727301576,-25.6992721505045,-0.185971174025071
1.4347479194671,-13.8544652074914,-27.9359969058461,-31.3814178500125,-35.2632810908889,-27.4958086214292,-44.6486454611057,-34.6097965727267,-38.4843931212564,-33.6757076944314,-37.5796555136205,-49.1668288615667,-39.6725582929719,-39.2229977159264,-39.6985710710085,-40.0131998214579,-38.7121141388987,-43.0342368535664,-39.4466362340996,-29.4810325650892,-32.6465508672284,-29.3120591529321,-18.3010682333294,-17.806333645663,-25.4512494225009,-32.015649806418,-31.4169120539456,-40.8601059348961,-37.1494283257087,-38.6424841589004,-34.6515557072579,-35.8027369574412,-36.6474786763004,-33.4352310792035,-39.6667728680245,-33.7585632640772,-56.4778970743729,-48.0089888937337,-41.851801049885,-41.6233463938575,-44.1505548936295,-42.4674929783274,-36.4088665228525,-39.1308530648772,-41.5539888495011,-35.1800739976117,-36.1853242859983,-31.5077390266587,-32.191706140082,-35.8913288652131,-35.2760576869686,-44.1439841272987,-40.5975991065766,-41.7515468160669,-37.527440784397,-34.2681989329169,-45.6720182703901,-38.1650554025912,-35.25824002262,-53.0995796580172,-34.6493435271733,-40.768347915717,-30.6900410217823,-36.5562260268251,-32.2319423207731,-26.51370657896,-23.7592171993356,-12.2662810772079,-12.399688403386,-21.7252601655721,-24.8349297833642,-27.2758633098506,-29.4171884752612,-32.0871283527047,-33.018463148749,-46.3915592046096,-39.7574624674997,-34.3916385564709,-37.5914099309701,-49.2085997495135,-34.2904989597506,-41.2450944827466,-36.0323277478391,-32.9700279296536,-37.8003018667292,-39.1247378526506,-36.6834165307497,-27.9833721570161,-21.3833106596452,-24.8299464074342,-20.4944407590026,-29.2741297126749,-24.1371661365522,-32.1529404833528,-41.7133370911298,-54.4951018299039,-27.0631479223078,-29.8050644213597,-40.5222249736068,-33.032359815392,-33.4249338810894,-37.1245951816293,-36.3188165408619,-31.5385397330202,-47.8855807891295,-35.2616421258799,-41.9055929445726,-29.030177420195,-31.6406760580396,-29.506036059409,-27.0067627564823,-22.8871769744605,-13.4273981445647,-12.2649133637589,-21.7543609025894,-26.460934923858,-29.2815435914128,-35.1563933188313,-38.1489051927221,-35.580950390703,-34.7527967419907,-37.6028862828562,-47.6591255359646,-42.4401245445931,-40.3026524135759,-36.5383048580799,-34.1819313834023,-50.4499165294071,-33.9654653780683,-54.066087977944,-37.570827497832,-31.7222849500543,-29.7173287250109,-29.3079833321429,-33.5056956925567,-34.4438643961583,-37.964823559306,-40.5728301793787,-36.9873670823157,-51.3161092062215,-42.5797339073931,-42.9418464303233,-37.918347275661,-34.5119384744362,-34.1712147100152,-38.2994712659578,-37.8664573367233,-41.8010831490427,-40.3762489742842,-38.4820345707719,-33.7135152239266,-48.0244014632185,-35.4504036023778,-42.0888120437534,-31.4598261779985,-33.2968917441216,-26.6451357540297,-18.150492314765,-16.9027767879056,-25.9403456511446,-32.7749094205707,-32.8935706962481,-39.2087727873932,-39.7059687007187,-40.3366104599078,-40.0475509234743,-42.3308617512937,-39.4529270949631,-34.1070613950859,-38.390097484397,-45.0778286157268,-38.3018623431967,-31.1720898646582,-33.5092440121028,-34.4297740103022,-28.3474131124507,-36.703150965279,-34.2752125011898,-26.9416108718207,-14.1785311900959,1.4347479194671
3.34278660218702,-5.84376367395858,-23.8009623891233,-21.3672259833103,-33.4093730951142,-34.2441084078654,-39.7018402648993,-39.6057353676676,-37.441351045674,-35.3509654835215,-33.7235615302569,-45.9320802616739,-38.7486913271475,-40.7179770149917,-48.8584053137266,-33.2978460852387,-32.1020340989527,-33.6998970646759,-40.6475029806495,-36.8928108508649,-34.1203938536535,-26.8418603227074,-12.9062388004693,-13.0844876157473,-24.3590492100625,-56.190137588502,-35.5681876852355,-36.3761013216261,-31.761644466811,-35.6608785124799,-36.4357474747632,-43.1543546121446,-38.140324566662,-42.799334229766,-43.7753147143478,-40.2570394505737,-41.0261917475608,-47.7963232910979,-38.1315027395769,-42.6006151010047,-40.2929860870765,-40.437942518975,-41.2097838554436,-39.3057371663318,-43.5018691050275,-34.8497858680185,-31.6831337060764,-30.0383427677554,-29.3494816252725,-24.3048420290536,-25.1114360140464,-31.3432380864923,-32.0752422615294,-31.68370178967,-32.4403213569515,-35.0795589848518,-35.8904531933077,-36.7701210969787,-30.7046946679203,-35.9306666855042,-41.9523396228974,-29.5401582774734,-29.8235620918539,-28.2860624071265,-28.7006620483767,-38.5163204819302,-21.1685664222613,-7.28733064518969,-7.82399277867237,-20.4739859617912,-34.3365908572054,-31.2453513158474,-26.5694865910192,-26.593219917204,-28.1867003352757,-36.1105512600648,-35.557581618747,-34.0773278633882,-31.8791157993203,-37.6265891672172,-35.2353408672826,-30.8076380685953,-29.4577431053696,-37.765203806164,-45.5226320812699,-32.5832054999637,-28.87137023954,-22.4195955125734,-26.3978227950094,-21.4011321831758,-17.0664423117943,-21.3534589199607,-23.368700856055,-23.3974225551121,-30.2213158524583,-33.493749468369,-36.4484952917941,-34.7110771047517,-30.9792180411767,-29.6795109600754,-38.7105951407838,-40.8954558681952,-32.8175884155105,-32.3118944667996,-42.9864962888175,-36.6458131201667,-31.2065836095185,-26.3802800873115,-27.6176828835549,-30.7775676392496,-39.0323347784717,-21.2332228334426,-7.75346848871189,-7.68711334387835,-21.2450053022623,-36.186073073201,-30.7430011610882,-26.9004055667212,-27.7783160668511,-32.964762912501,-41.2992195353699,-37.3479283792365,-30.2275550080827,-33.6465861532014,-42.9122135270576,-34.4026951839331,-32.8777220822075,-35.3424752505791,-34.4908145856993,-28.9227423600972,-26.1633307879876,-24.9718379339302,-26.7315592676126,-28.5849815933731,-32.1899194645201,-34.0762930209428,-36.7619084601266,-35.0854106906333,-35.0210896361309,-35.8351694131519,-38.0979095395517,-46.9085261944914,-45.6156779502891,-36.5794128273624,-40.2425549805132,-43.1437816609492,-43.3077705831348,-44.8712452131836,-39.2722155438714,-36.3014394101762,-33.98578562318,-53.1997471447586,-29.8036116060757,-37.9600096669691,-31.1345107505799,-36.0019971735743,-24.9092375160351,-13.5527576809787,-13.6326783056752,-25.4466436942867,-40.1220839922337,-34.5773994494778,-32.0616081113736,-31.4655988585209,-33.5521230947934,-42.8539835331272,-36.5441726708749,-36.0190041995896,-37.9043222488585,-34.3779915585698,-39.6285829718259,-47.7960582822367,-43.5686202453663,-42.2197849980112,-39.7805904888181,-28.8005910276378,-32.3108573000034,-19.9510996872431,-24.4464226057012,-5.63624881658319,3.34278660218702
5.62156551363758,2.15831454457319,-0.800389205100148,-10.4516829766055,-24.6736491011591,-17.9764639585658,-25.8021348442314,-23.2320974767409,-27.903908221183,-32.8050074008669,-29.7860702255983,-28.5271572646934,-32.8980488862592,-32.485766769414,-28.8730555745672,-31.9079859685155,-36.6317417460136,-38.0033902783587,-24.8294637046644,-33.4233537416747,-21.2294452173789,-21.8093029156856,-9.39734468906107,-9.91890731775567,-25.1459300080971,-21.6369813654601,-38.539274394768,-27.2046691597414,-34.0406945917341,-28.2627843501897,-33.2651375378688,-30.0947601314484,-38.2272639072715,-37.7004773346182,-33.0325216050544,-33.7496815907596,-59.0406660799523,-44.0850860368579,-40.2798292418343,-38.6709370321647,-37.6392345758403,-35.3785136383041,-34.1729660255144,-33.9684781564565,-33.3499178812498,-29.4171871991975,-25.8250295281501,-25.5948859719572,-26.2687003988599,-24.1590694536679,-20.3672604166628,-18.369891841902,-19.0800282904239,-18.1838383487636,-20.2566785585351,-21.3240109730169,-23.8009465903983,-22.1690757617918,-24.1568936491137,-22.9974980962769,-25.7662087241638,-20.5533770248547,-28.7423906248039,-18.3026479918968,-28.0550743468042,-13.7786056438704,-13.7386471306909,-0.980286756507201,-0.767515674603468,-12.764958097454,-13.0208788167688,-25.4431977013089,-16.9798837531747,-35.6219302530878,-20.2117571891526,-29.3441417106704,-24.7992504030954,-32.5075209671838,-23.8926246201596,-30.3611083828561,-27.9081153691032,-34.2385165721435,-26.098386174322,-26.553513324591,-32.5745654101527,-33.2807380528816,-20.2775806536669,-23.1272023726144,-20.3860147501703,-20.8283682036917,-13.9365380137654,-20.161567190032,-21.8174948940019,-22.1355196555229,-20.1296143865716,-32.8235720351706,-31.8060800288048,-26.0904077640671,-24.9344903653026,-30.6633523448826,-27.4862067497883,-28.5645674335139,-24.9168756012354,-29.6821935073558,-24.8168763710706,-32.4945353761916,-20.8133605906981,-37.8928069370761,-17.3787661739044,-25.867922230474,-13.1378389097165,-13.1476518659556,-0.764982154689444,-0.882405821069974,-13.5368838632482,-13.619995039232,-26.8985282278932,-18.3807496462131,-28.5221096519811,-20.6031831297201,-24.4120782613032,-22.0648829624945,-25.629314209965,-23.2502314733535,-23.3940524421827,-20.8968766048482,-21.2558071137295,-18.3735291666274,-19.8085425772225,-18.8447771340189,-19.7318049544558,-22.7525124457931,-24.9679856030245,-25.3132937089348,-25.8911352590212,-29.3051895545621,-34.6094027417249,-37.8337944420966,-36.5271082540378,-33.8828027962091,-34.4460013139367,-37.2391504568996,-37.5527386786457,-44.0300359258651,-43.7061950030412,-31.3754125165093,-29.4460778792897,-39.0632699017374,-39.2671509743287,-29.6815648699677,-31.7119312911211,-29.7174527910294,-35.6039224173156,-27.1370202900186,-43.1732523790832,-20.7721857487093,-26.5774664472788,-10.0204102771009,-9.28051884646416,-21.9136178709115,-19.7060425657695,-32.2946866030881,-25.3731055337929,-31.3850867465107,-28.9672451762236,-32.2740013177344,-28.8743510732441,-34.1676051618784,-32.9910690237422,-28.1091715423271,-29.7093041807877,-31.4839194054639,-26.1281021699113,-24.218272173583,-24.0657632699779,-18.3973281204377,-24.8602482804269,-10.4607002799551,-0.738569471419347,2.11445019812007,5.62156551363758
6.88958481298633,6.97894744164026,7.83252882230857,8.48975724270832,7.75812037829181,6.11094087916376,4.11251453041705,0.696392531216468,-5.4777397768223,-14.8213045877035,-16.4228740301078,-10.8060003035869,-10.8774518048379,-15.6664041683017,-20.3218420587338,-25.7514989127037,-16.4041731279756,-11.7621555597164,-12.8209433580533,-18.1416790878308,-11.2307027401083,-6.33042840912687,-4.42500696972843,-4.58604619969647,-6.7623166052289,-11.4804225989443,-19.6505796076177,-23.2743858592371,-25.2343950611864,-28.8516378738514,-20.5702063717555,-18.2892627905937,-19.7503174067561,-23.6945126176537,-24.2938368493096,-22.3603593188951,-22.1642913577142,-22.9540321054578,-23.5548187266183,-23.4250998448122,-22.1820087425081,-20.386429815121,-19.0654332654798,-18.4986435768048,-18.3681018794285,-18.1156056180337,-17.2312599039377,-15.8520339978222,-14.3181614551334,-13.0169551548941,-12.1053250189892,-11.4689268178523,-10.9859790005794,-10.7062795316137,-10.0420230855944,-7.66529103122066,-4.68273597215483,-2.87026504087481,-2.79344246217217,-3.54640618252005,-1.85282778825483,0.871001618680275,1.50851492831763,-0.540557131231082,1.80162048011819,7.91390375058968,11.5860292286785,13.1561181901663,12.9256311504698,10.8230555007546,6.23234819134604,-3.43171054898335,-6.94511644770006,-2.43234092943255,-4.8049568251786,-14.4486284816974,-10.2164680524093,-7.75961222153723,-11.6233085772305,-22.6619746029361,-13.9486432083208,-11.5958475390578,-14.3658651566832,-23.3943786627615,-13.4716292607959,-12.3875561703796,-16.063662966251,-17.4471843509272,-27.9499448268346,-11.2237325238393,-7.79058943486666,-11.1938363720427,-29.0682554999086,-17.4848825191854,-15.6744105521696,-12.0226687232329,-13.241396844188,-23.0656370848204,-14.4269950561442,-11.9381206939397,-14.5749639994194,-23.7207483236183,-11.7026512751226,-7.78028312341343,-10.0569258758563,-14.6170118346563,-4.87778780903694,-2.45707389598055,-6.93421320403609,-3.41311712391113,6.22934320471381,10.8198124596559,12.9255341305661,13.1600057785425,11.5924218802502,7.91632500089326,1.77778658223723,-0.543190598526154,1.51888770525958,0.88434865151122,-1.89111177994605,-3.61598439398298,-2.81067931644079,-2.87964236645136,-4.67505984890786,-7.61946814414856,-9.91059186258332,-10.516283232975,-10.8033945107405,-11.3446683131365,-12.0677298459827,-13.0665280776378,-14.4503611727457,-16.0604297403913,-17.4814943535422,-18.3728262879151,-18.6211354390153,-18.8339284278416,-19.5546876167162,-21.0279343890695,-22.8413131587099,-23.8556799961757,-23.6075413711093,-22.497890107196,-21.2754497959549,-21.2567458407269,-23.5096455425942,-25.0581326089939,-20.9583451461904,-19.0345422384992,-21.0407007254017,-28.0298447073025,-24.3454327680066,-22.5500739193087,-19.3675611997764,-11.4741198486992,-6.76575631220641,-4.58402006784605,-4.42612365369807,-6.34093392090122,-11.1972213638937,-17.5490863867233,-12.7268463379946,-11.905402070468,-17.0083400591855,-26.7437419231287,-20.0807135588389,-15.3781416795038,-10.4245105161461,-10.2391835515525,-15.2794388624138,-13.9289214893548,-5.17156890279696,0.841920427835682,4.18002197921969,6.13337466705484,7.77703155919462,8.5165566415075,7.85508120549063,6.98688479715467,6.88958481298633
